-- MySQL dump 10.13  Distrib 9.3.0, for macos15.2 (arm64)
--
-- Host: suitelifershop-suiteliferojtdev.e.aivencloud.com    Database: dev_SuiteLifer
-- ------------------------------------------------------
-- Server version	8.0.35

/*!40101 SET @OLD_CHARACTER_SET_CLIENT=@@CHARACTER_SET_CLIENT */;
/*!40101 SET @OLD_CHARACTER_SET_RESULTS=@@CHARACTER_SET_RESULTS */;
/*!40101 SET @OLD_COLLATION_CONNECTION=@@COLLATION_CONNECTION */;
/*!50503 SET NAMES utf8mb4 */;
/*!40103 SET @OLD_TIME_ZONE=@@TIME_ZONE */;
/*!40103 SET TIME_ZONE='+00:00' */;
/*!40014 SET @OLD_UNIQUE_CHECKS=@@UNIQUE_CHECKS, UNIQUE_CHECKS=0 */;
/*!40014 SET @OLD_FOREIGN_KEY_CHECKS=@@FOREIGN_KEY_CHECKS, FOREIGN_KEY_CHECKS=0 */;
/*!40101 SET @OLD_SQL_MODE=@@SQL_MODE, SQL_MODE='NO_AUTO_VALUE_ON_ZERO' */;
/*!40111 SET @OLD_SQL_NOTES=@@SQL_NOTES, SQL_NOTES=0 */;
SET @MYSQLDUMP_TEMP_LOG_BIN = @@SESSION.SQL_LOG_BIN;
SET @@SESSION.SQL_LOG_BIN= 0;

--
-- GTID state at the beginning of the backup 
--

SET @@GLOBAL.GTID_PURGED=/*!80000 '+'*/ 'dcb60f2c-5886-11f0-80ab-862ccfb00498:1-4133';

--
-- Table structure for table `sl_cheers`
--

DROP TABLE IF EXISTS `sl_cheers`;
/*!40101 SET @saved_cs_client     = @@character_set_client */;
/*!50503 SET character_set_client = utf8mb4 */;
CREATE TABLE `sl_cheers` (
  `cheer_id` varchar(36) NOT NULL,
  `from_user_id` varchar(36) DEFAULT NULL,
  `to_user_id` varchar(36) DEFAULT NULL,
  `points` int DEFAULT '1',
  `message` text,
  `created_at` timestamp NOT NULL DEFAULT CURRENT_TIMESTAMP,
  `updated_at` timestamp NOT NULL DEFAULT CURRENT_TIMESTAMP,
  PRIMARY KEY (`cheer_id`),
  KEY `sl_cheers_from_user_id_created_at_index` (`from_user_id`,`created_at`),
  KEY `sl_cheers_to_user_id_created_at_index` (`to_user_id`,`created_at`),
  CONSTRAINT `sl_cheers_from_user_id_foreign` FOREIGN KEY (`from_user_id`) REFERENCES `sl_user_accounts` (`user_id`) ON DELETE CASCADE,
  CONSTRAINT `sl_cheers_to_user_id_foreign` FOREIGN KEY (`to_user_id`) REFERENCES `sl_user_accounts` (`user_id`) ON DELETE CASCADE
) ENGINE=InnoDB DEFAULT CHARSET=utf8mb4 COLLATE=utf8mb4_0900_ai_ci;
/*!40101 SET character_set_client = @saved_cs_client */;

--
-- Dumping data for table `sl_cheers`
--

LOCK TABLES `sl_cheers` WRITE;
/*!40000 ALTER TABLE `sl_cheers` DISABLE KEYS */;
INSERT INTO `sl_cheers` VALUES ('01980785-3811-702a-ab48-a7c9caa49594','01963893-fb5f-73bc-8291-01a4cd400dca','01965b13-01a6-76ce-a459-764e01a769f2',20,'','2025-06-15 16:39:39','2025-07-14 06:00:28'),('01980786-1520-7738-a019-ee485df07553','01963893-fb5f-73bc-8291-01a4cd400dca','01965b13-01a6-76ce-a459-764e01a769f2',20,'','2025-06-15 16:39:39','2025-07-14 06:01:24'),('01980786-165e-70a9-b0b2-e30d1805bbaf','0197e38c-d497-71c4-80f0-c335d21a4c46','6ded650d-18fb-11f0-8e63-0242ac140002',15,'','2025-07-04 16:39:40','2025-07-14 06:01:24'),('01980786-1799-734a-91c3-b816a7ecc022','019614eb-5acf-700e-a7f3-295b59219714','0197e38c-d497-71c4-80f0-c335d21a4c46',12,'','2025-06-23 16:39:40','2025-07-14 06:01:25'),('01980786-18d5-75e9-9295-644461807b86','6ded650d-18fb-11f0-8e63-0242ac140002','0af0757c-fa51-11ef-a725-0af0d960a833',18,'','2025-07-02 16:39:40','2025-07-14 06:01:25'),('01980786-1a06-7776-b7a6-b040639a0755','0cc6044d-20ad-11f0-8e63-0242ac140002','01965b13-01a6-76ce-a459-764e01a769f2',8,'','2025-07-03 16:39:41','2025-07-14 06:01:25'),('01980786-1b37-74dc-bbb3-d090e5063944','0197e38c-d497-71c4-80f0-c335d21a4c46','6ded650d-18fb-11f0-8e63-0242ac140002',16,'','2025-06-23 16:39:41','2025-07-14 06:01:26'),('01980786-1cb6-705d-9fd1-b7522c490725','01963893-fb5f-73bc-8291-01a4cd400dca','0af0757c-fa51-11ef-a725-0af0d960a833',10,'','2025-06-20 16:39:42','2025-07-14 06:01:26'),('01980786-1dea-7054-957f-1429a25f1860','6ded650d-18fb-11f0-8e63-0242ac140002','019614eb-5acf-700e-a7f3-295b59219714',18,'','2025-06-29 16:39:42','2025-07-14 06:01:26'),('01980786-1f27-75c8-86db-e557186a9a06','019614eb-5acf-700e-a7f3-295b59219714','01966139-343d-71e9-8a04-3802718c6321',6,'','2025-07-06 16:39:42','2025-07-14 06:01:27'),('01980786-2071-7229-ae84-6cb4d21b5359','019614eb-5acf-700e-a7f3-295b59219714','0197531a-de9f-74ef-8fb2-cda84170fd7c',15,'','2025-06-28 16:39:43','2025-07-14 06:01:27'),('01980786-21b6-72f0-ad34-88476d7b1524','01966139-343d-71e9-8a04-3802718c6321','6ded650d-18fb-11f0-8e63-0242ac140002',20,'','2025-07-01 16:39:43','2025-07-14 06:01:27'),('01980786-22ed-74fd-a288-dbfff1a216ad','01968fcf-c622-73af-a3e2-c9b7e3295e0e','0cc6044d-20ad-11f0-8e63-0242ac140002',6,'','2025-06-25 16:39:43','2025-07-14 06:01:28'),('01980786-2425-705f-a677-f57f1dad1eaf','0197e38c-d497-71c4-80f0-c335d21a4c46','01966139-343d-71e9-8a04-3802718c6321',13,'','2025-06-22 16:39:44','2025-07-14 06:01:28'),('01980786-2564-70bf-80df-304d8ac78d87','01963893-fb5f-73bc-8291-01a4cd400dca','01965b13-01a6-76ce-a459-764e01a769f2',20,'','2025-06-10 16:39:45','2025-07-14 06:01:28'),('01980786-26a4-767d-9b4c-32120c303eac','0af0757c-fa51-11ef-a725-0af0d960a833','01965b13-01a6-76ce-a459-764e01a769f2',16,'','2025-06-15 16:39:45','2025-07-14 06:01:29'),('01980786-27e7-7067-bbc6-a908b0f9207c','0197e242-5b2d-77a1-a8a8-d3311c3bfde7','0197e38c-d497-71c4-80f0-c335d21a4c46',50,'','2025-07-09 16:39:46','2025-07-14 06:01:29'),('01980786-2933-7439-b19a-65c39ba8b457','0197e242-5b2d-77a1-a8a8-d3311c3bfde7','0197e38c-d497-71c4-80f0-c335d21a4c46',10,'','2025-07-10 09:35:09','2025-07-14 06:01:29'),('01980786-2abe-717e-b465-d95b15899365','0197e242-5b2d-77a1-a8a8-d3311c3bfde7','0197e38c-d497-71c4-80f0-c335d21a4c46',10,'','2025-07-10 09:35:13','2025-07-14 06:01:30'),('01980786-2c0e-721e-a50f-f02acaf6da58','0197e242-5b2d-77a1-a8a8-d3311c3bfde7','0197e38c-d497-71c4-80f0-c335d21a4c46',10,'','2025-07-10 09:35:27','2025-07-14 06:01:30'),('01980786-2d80-779b-b511-cc1cd15c0c43','0197e242-5b2d-77a1-a8a8-d3311c3bfde7','019614eb-5acf-700e-a7f3-295b59219714',10,'','2025-07-10 09:35:27','2025-07-14 06:01:30'),('01980786-2ec1-7324-9d13-3f73fc826536','0197e242-5b2d-77a1-a8a8-d3311c3bfde7','0197e38c-d497-71c4-80f0-c335d21a4c46',5,'','2025-07-10 10:56:15','2025-07-14 06:01:31'),('01980786-3016-7680-9b28-e7bbf3127873','0197e242-5b2d-77a1-a8a8-d3311c3bfde7','019614eb-5acf-700e-a7f3-295b59219714',5,'','2025-07-10 10:56:15','2025-07-14 06:01:31'),('01980786-3153-772f-92b7-df725f626de8','0197e242-5b2d-77a1-a8a8-d3311c3bfde7','0197e38c-d497-71c4-80f0-c335d21a4c46',5,'','2025-07-10 10:56:51','2025-07-14 06:01:31'),('01980786-3284-755c-b98c-9c919f8da30a','0197e242-5b2d-77a1-a8a8-d3311c3bfde7','019614eb-5acf-700e-a7f3-295b59219714',5,'','2025-07-10 10:56:51','2025-07-14 06:01:32'),('01980786-33bb-73e0-8a92-241da96d6d8d','0197e242-5b2d-77a1-a8a8-d3311c3bfde7','0197e38c-d497-71c4-80f0-c335d21a4c46',5,'','2025-07-10 11:02:01','2025-07-14 06:01:32'),('01980786-a131-7349-afa6-2fd62f9b4160','01963893-fb5f-73bc-8291-01a4cd400dca','01965b13-01a6-76ce-a459-764e01a769f2',20,'','2025-06-15 16:39:39','2025-07-14 06:02:00'),('01980786-a2a3-7202-bbaa-367d505d6d04','0197e38c-d497-71c4-80f0-c335d21a4c46','6ded650d-18fb-11f0-8e63-0242ac140002',15,'','2025-07-04 16:39:40','2025-07-14 06:02:00'),('01980786-a3ec-73fd-a2fd-cd8ea2121bc5','019614eb-5acf-700e-a7f3-295b59219714','0197e38c-d497-71c4-80f0-c335d21a4c46',12,'','2025-06-23 16:39:40','2025-07-14 06:02:01'),('01980786-a51c-77ce-92e8-72c145d24e6d','6ded650d-18fb-11f0-8e63-0242ac140002','0af0757c-fa51-11ef-a725-0af0d960a833',18,'','2025-07-02 16:39:40','2025-07-14 06:02:01'),('01980786-a670-713a-993c-17a1b8fabc73','0cc6044d-20ad-11f0-8e63-0242ac140002','01965b13-01a6-76ce-a459-764e01a769f2',8,'','2025-07-03 16:39:41','2025-07-14 06:02:01'),('01980786-a7b3-74e9-814b-db5e73066921','0197e38c-d497-71c4-80f0-c335d21a4c46','6ded650d-18fb-11f0-8e63-0242ac140002',16,'','2025-06-23 16:39:41','2025-07-14 06:02:02'),('01980786-a8f8-70cf-bc72-d7012010a6e0','01963893-fb5f-73bc-8291-01a4cd400dca','0af0757c-fa51-11ef-a725-0af0d960a833',10,'','2025-06-20 16:39:42','2025-07-14 06:02:02'),('01980786-aa1d-7355-97c5-a722feaf87f4','6ded650d-18fb-11f0-8e63-0242ac140002','019614eb-5acf-700e-a7f3-295b59219714',18,'','2025-06-29 16:39:42','2025-07-14 06:02:02'),('01980786-ab51-7365-abb6-606343e80081','019614eb-5acf-700e-a7f3-295b59219714','01966139-343d-71e9-8a04-3802718c6321',6,'','2025-07-06 16:39:42','2025-07-14 06:02:03'),('01980786-ac7c-75f9-af27-ef246f6f0542','019614eb-5acf-700e-a7f3-295b59219714','0197531a-de9f-74ef-8fb2-cda84170fd7c',15,'','2025-06-28 16:39:43','2025-07-14 06:02:03'),('01980786-adba-7069-adda-e23ba8a903ef','01966139-343d-71e9-8a04-3802718c6321','6ded650d-18fb-11f0-8e63-0242ac140002',20,'','2025-07-01 16:39:43','2025-07-14 06:02:03'),('01980786-aeec-71b3-a22c-3f214327d2c5','01968fcf-c622-73af-a3e2-c9b7e3295e0e','0cc6044d-20ad-11f0-8e63-0242ac140002',6,'','2025-06-25 16:39:43','2025-07-14 06:02:04'),('01980786-b015-732f-ad3c-b5d7bb19f524','0197e38c-d497-71c4-80f0-c335d21a4c46','01966139-343d-71e9-8a04-3802718c6321',13,'','2025-06-22 16:39:44','2025-07-14 06:02:04'),('01980786-b167-7095-99ae-139fabbc4b00','01963893-fb5f-73bc-8291-01a4cd400dca','01965b13-01a6-76ce-a459-764e01a769f2',20,'','2025-06-10 16:39:45','2025-07-14 06:02:04'),('01980786-b289-7649-890a-dcb37578d4f4','0af0757c-fa51-11ef-a725-0af0d960a833','01965b13-01a6-76ce-a459-764e01a769f2',16,'','2025-06-15 16:39:45','2025-07-14 06:02:04'),('01980786-b3af-7277-8901-db7c9e087109','0197e242-5b2d-77a1-a8a8-d3311c3bfde7','0197e38c-d497-71c4-80f0-c335d21a4c46',50,'','2025-07-09 16:39:46','2025-07-14 06:02:05'),('01980786-b4eb-733e-9c4f-f267a88cfd97','0197e242-5b2d-77a1-a8a8-d3311c3bfde7','0197e38c-d497-71c4-80f0-c335d21a4c46',10,'','2025-07-10 09:35:09','2025-07-14 06:02:05'),('01980786-b61c-77fa-a8b4-ca3170cec7da','0197e242-5b2d-77a1-a8a8-d3311c3bfde7','0197e38c-d497-71c4-80f0-c335d21a4c46',10,'','2025-07-10 09:35:13','2025-07-14 06:02:05'),('01980786-b772-71fe-b889-9ac675a04df9','0197e242-5b2d-77a1-a8a8-d3311c3bfde7','0197e38c-d497-71c4-80f0-c335d21a4c46',10,'','2025-07-10 09:35:27','2025-07-14 06:02:06'),('01980786-b8a8-7546-9f6e-341a072847c9','0197e242-5b2d-77a1-a8a8-d3311c3bfde7','019614eb-5acf-700e-a7f3-295b59219714',10,'','2025-07-10 09:35:27','2025-07-14 06:02:06'),('01980786-b9d5-76f8-a0fb-df23eacde8ef','0197e242-5b2d-77a1-a8a8-d3311c3bfde7','0197e38c-d497-71c4-80f0-c335d21a4c46',5,'','2025-07-10 10:56:15','2025-07-14 06:02:06'),('01980786-bb1a-778d-ba82-9bfae6b4de77','0197e242-5b2d-77a1-a8a8-d3311c3bfde7','019614eb-5acf-700e-a7f3-295b59219714',5,'','2025-07-10 10:56:15','2025-07-14 06:02:07'),('01980786-bc4d-7054-89c5-940ef9f7e523','0197e242-5b2d-77a1-a8a8-d3311c3bfde7','0197e38c-d497-71c4-80f0-c335d21a4c46',5,'','2025-07-10 10:56:51','2025-07-14 06:02:07'),('01980786-bd9c-7388-8fdc-ae22fe5b6cae','0197e242-5b2d-77a1-a8a8-d3311c3bfde7','019614eb-5acf-700e-a7f3-295b59219714',5,'','2025-07-10 10:56:51','2025-07-14 06:02:07'),('01980786-bee1-70e5-ab56-f416a5809eb0','0197e242-5b2d-77a1-a8a8-d3311c3bfde7','0197e38c-d497-71c4-80f0-c335d21a4c46',5,'','2025-07-10 11:02:01','2025-07-14 06:02:08');
/*!40000 ALTER TABLE `sl_cheers` ENABLE KEYS */;
UNLOCK TABLES;

--
-- Table structure for table `sl_cheer_comments`
--

DROP TABLE IF EXISTS `sl_cheer_comments`;
/*!40101 SET @saved_cs_client     = @@character_set_client */;
/*!50503 SET character_set_client = utf8mb4 */;
CREATE TABLE `sl_cheer_comments` (
  `cheer_comment_id` int NOT NULL AUTO_INCREMENT,
  `cheer_post_id` int DEFAULT NULL,
  `commenter_id` char(36) DEFAULT NULL,
  `cheer_comment` text,
  `additional_heartbits` int DEFAULT NULL,
  `commented_at` datetime DEFAULT NULL,
  `cheer_id` varchar(36) DEFAULT NULL,
  PRIMARY KEY (`cheer_comment_id`),
  KEY `cheer_post_id` (`cheer_post_id`),
  KEY `commenter_id` (`commenter_id`),
  KEY `sl_cheer_comments_cheer_id_foreign` (`cheer_id`),
  CONSTRAINT `sl_cheer_comments_cheer_id_foreign` FOREIGN KEY (`cheer_id`) REFERENCES `sl_cheers` (`cheer_id`) ON DELETE CASCADE,
  CONSTRAINT `sl_cheer_comments_ibfk_1` FOREIGN KEY (`cheer_post_id`) REFERENCES `sl_cheer_post` (`cheer_post_id`),
  CONSTRAINT `sl_cheer_comments_ibfk_2` FOREIGN KEY (`commenter_id`) REFERENCES `sl_user_accounts` (`user_id`)
) ENGINE=InnoDB AUTO_INCREMENT=4 DEFAULT CHARSET=utf8mb4 COLLATE=utf8mb4_0900_ai_ci;
/*!40101 SET character_set_client = @saved_cs_client */;

--
-- Dumping data for table `sl_cheer_comments`
--

LOCK TABLES `sl_cheer_comments` WRITE;
/*!40000 ALTER TABLE `sl_cheer_comments` DISABLE KEYS */;
INSERT INTO `sl_cheer_comments` VALUES (1,29,'0197e242-5b2d-77a1-a8a8-d3311c3bfde7','nice',0,'2025-07-10 10:05:33','01980786-b772-71fe-b889-9ac675a04df9'),(2,1,'0196859d-142f-7716-94d2-23f1062917c4','Great job! This is an awesome achievement!',1,'2025-07-10 02:15:18','01980786-a131-7349-afa6-2fd62f9b4160'),(3,1,'01968fcf-c622-73af-a3e2-c9b7e3295e0e','Well deserved recognition! Keep up the excellent work!',2,'2025-07-10 02:15:18','01980786-a131-7349-afa6-2fd62f9b4160');
/*!40000 ALTER TABLE `sl_cheer_comments` ENABLE KEYS */;
UNLOCK TABLES;

--
-- Table structure for table `sl_cheer_likes`
--

DROP TABLE IF EXISTS `sl_cheer_likes`;
/*!40101 SET @saved_cs_client     = @@character_set_client */;
/*!50503 SET character_set_client = utf8mb4 */;
CREATE TABLE `sl_cheer_likes` (
  `cheer_like_id` int NOT NULL AUTO_INCREMENT,
  `cheer_post_id` int DEFAULT NULL,
  `liker_id` char(36) DEFAULT NULL,
  `liked_at` datetime DEFAULT NULL,
  `cheer_id` varchar(36) DEFAULT NULL,
  PRIMARY KEY (`cheer_like_id`),
  KEY `cheer_post_id` (`cheer_post_id`),
  KEY `liker_id` (`liker_id`),
  KEY `sl_cheer_likes_cheer_id_foreign` (`cheer_id`),
  CONSTRAINT `sl_cheer_likes_cheer_id_foreign` FOREIGN KEY (`cheer_id`) REFERENCES `sl_cheers` (`cheer_id`) ON DELETE CASCADE,
  CONSTRAINT `sl_cheer_likes_ibfk_1` FOREIGN KEY (`cheer_post_id`) REFERENCES `sl_cheer_post` (`cheer_post_id`),
  CONSTRAINT `sl_cheer_likes_ibfk_2` FOREIGN KEY (`liker_id`) REFERENCES `sl_user_accounts` (`user_id`)
) ENGINE=InnoDB AUTO_INCREMENT=11 DEFAULT CHARSET=utf8mb4 COLLATE=utf8mb4_0900_ai_ci;
/*!40101 SET character_set_client = @saved_cs_client */;

--
-- Dumping data for table `sl_cheer_likes`
--

LOCK TABLES `sl_cheer_likes` WRITE;
/*!40000 ALTER TABLE `sl_cheer_likes` DISABLE KEYS */;
INSERT INTO `sl_cheer_likes` VALUES (1,26,'0197e242-5b2d-77a1-a8a8-d3311c3bfde7',NULL,'01980786-b3af-7277-8901-db7c9e087109'),(2,12,'0197e242-5b2d-77a1-a8a8-d3311c3bfde7',NULL,'01980786-ab51-7365-abb6-606343e80081'),(3,2,'0197e242-5b2d-77a1-a8a8-d3311c3bfde7',NULL,'01980786-a2a3-7202-bbaa-367d505d6d04'),(5,28,'0197e242-5b2d-77a1-a8a8-d3311c3bfde7',NULL,'01980786-b61c-77fa-a8b4-ca3170cec7da'),(7,1,'0196859d-142f-7716-94d2-23f1062917c4','2025-07-10 02:15:18','01980786-a131-7349-afa6-2fd62f9b4160'),(8,1,'01968fcf-c622-73af-a3e2-c9b7e3295e0e','2025-07-10 02:15:18','01980786-a131-7349-afa6-2fd62f9b4160'),(9,29,'0197e242-5b2d-77a1-a8a8-d3311c3bfde7',NULL,'01980786-b772-71fe-b889-9ac675a04df9'),(10,34,'0197e242-5b2d-77a1-a8a8-d3311c3bfde7',NULL,'01980786-bd9c-7388-8fdc-ae22fe5b6cae');
/*!40000 ALTER TABLE `sl_cheer_likes` ENABLE KEYS */;
UNLOCK TABLES;

--
-- Table structure for table `sl_transactions`
--

DROP TABLE IF EXISTS `sl_transactions`;
/*!40101 SET @saved_cs_client     = @@character_set_client */;
/*!50503 SET character_set_client = utf8mb4 */;
CREATE TABLE `sl_transactions` (
  `transaction_id` varchar(36) NOT NULL,
  `from_user_id` varchar(36) DEFAULT NULL,
  `to_user_id` varchar(36) DEFAULT NULL,
  `type` enum('earned','spent','given','received','bonus','admin_grant','admin_deduct') DEFAULT NULL,
  `amount` int DEFAULT NULL,
  `description` varchar(500) DEFAULT NULL,
  `message` text,
  `metadata` json DEFAULT NULL,
  `created_at` timestamp NOT NULL DEFAULT CURRENT_TIMESTAMP,
  `updated_at` timestamp NOT NULL DEFAULT CURRENT_TIMESTAMP,
  PRIMARY KEY (`transaction_id`),
  KEY `sl_transactions_to_user_id_created_at_index` (`to_user_id`,`created_at`),
  KEY `sl_transactions_from_user_id_created_at_index` (`from_user_id`,`created_at`),
  KEY `sl_transactions_type_created_at_index` (`type`,`created_at`),
  CONSTRAINT `sl_transactions_from_user_id_foreign` FOREIGN KEY (`from_user_id`) REFERENCES `sl_user_accounts` (`user_id`) ON DELETE SET NULL,
  CONSTRAINT `sl_transactions_to_user_id_foreign` FOREIGN KEY (`to_user_id`) REFERENCES `sl_user_accounts` (`user_id`) ON DELETE CASCADE
) ENGINE=InnoDB DEFAULT CHARSET=utf8mb4 COLLATE=utf8mb4_0900_ai_ci;
/*!40101 SET character_set_client = @saved_cs_client */;

--
-- Dumping data for table `sl_transactions`
--

LOCK TABLES `sl_transactions` WRITE;
/*!40000 ALTER TABLE `sl_transactions` DISABLE KEYS */;
INSERT INTO `sl_transactions` VALUES ('01980785-3854-707a-a2ca-dab53acbe6a8','01963893-fb5f-73bc-8291-01a4cd400dca','01965b13-01a6-76ce-a459-764e01a769f2','given',20,'Cheered 20 points','','{\"type\": \"cheer\", \"cheer_id\": \"01980785-3811-702a-ab48-a7c9caa49594\"}','2025-06-15 16:39:39','2025-07-14 06:00:28'),('01980785-3854-707a-a2ca-de7b760a00b4','01963893-fb5f-73bc-8291-01a4cd400dca','01965b13-01a6-76ce-a459-764e01a769f2','received',20,'Received 20 points from cheer','','{\"type\": \"cheer\", \"cheer_id\": \"01980785-3811-702a-ab48-a7c9caa49594\"}','2025-06-15 16:39:39','2025-07-14 06:00:28'),('01980786-1561-72ff-bcc6-a7c0d68f83c1','01963893-fb5f-73bc-8291-01a4cd400dca','01965b13-01a6-76ce-a459-764e01a769f2','given',20,'Cheered 20 points','','{\"type\": \"cheer\", \"cheer_id\": \"01980786-1520-7738-a019-ee485df07553\"}','2025-06-15 16:39:39','2025-07-14 06:01:24'),('01980786-1562-70e8-b794-629a651f442a','01963893-fb5f-73bc-8291-01a4cd400dca','01965b13-01a6-76ce-a459-764e01a769f2','received',20,'Received 20 points from cheer','','{\"type\": \"cheer\", \"cheer_id\": \"01980786-1520-7738-a019-ee485df07553\"}','2025-06-15 16:39:39','2025-07-14 06:01:24'),('01980786-16a1-712f-ab0a-6658966a1581','0197e38c-d497-71c4-80f0-c335d21a4c46','6ded650d-18fb-11f0-8e63-0242ac140002','given',15,'Cheered 15 points','','{\"type\": \"cheer\", \"cheer_id\": \"01980786-165e-70a9-b0b2-e30d1805bbaf\"}','2025-07-04 16:39:40','2025-07-14 06:01:25'),('01980786-16a1-712f-ab0a-6acef5a2bdfa','0197e38c-d497-71c4-80f0-c335d21a4c46','6ded650d-18fb-11f0-8e63-0242ac140002','received',15,'Received 15 points from cheer','','{\"type\": \"cheer\", \"cheer_id\": \"01980786-165e-70a9-b0b2-e30d1805bbaf\"}','2025-07-04 16:39:40','2025-07-14 06:01:25'),('01980786-17d6-770d-8b60-aa1002315cb7','019614eb-5acf-700e-a7f3-295b59219714','0197e38c-d497-71c4-80f0-c335d21a4c46','given',12,'Cheered 12 points','','{\"type\": \"cheer\", \"cheer_id\": \"01980786-1799-734a-91c3-b816a7ecc022\"}','2025-06-23 16:39:40','2025-07-14 06:01:25'),('01980786-17d6-770d-8b60-adbaa00d78c3','019614eb-5acf-700e-a7f3-295b59219714','0197e38c-d497-71c4-80f0-c335d21a4c46','received',12,'Received 12 points from cheer','','{\"type\": \"cheer\", \"cheer_id\": \"01980786-1799-734a-91c3-b816a7ecc022\"}','2025-06-23 16:39:40','2025-07-14 06:01:25'),('01980786-1912-74cf-9e0d-9819f39e51e4','6ded650d-18fb-11f0-8e63-0242ac140002','0af0757c-fa51-11ef-a725-0af0d960a833','given',18,'Cheered 18 points','','{\"type\": \"cheer\", \"cheer_id\": \"01980786-18d5-75e9-9295-644461807b86\"}','2025-07-02 16:39:40','2025-07-14 06:01:25'),('01980786-1912-74cf-9e0d-9ea2f5654194','6ded650d-18fb-11f0-8e63-0242ac140002','0af0757c-fa51-11ef-a725-0af0d960a833','received',18,'Received 18 points from cheer','','{\"type\": \"cheer\", \"cheer_id\": \"01980786-18d5-75e9-9295-644461807b86\"}','2025-07-02 16:39:40','2025-07-14 06:01:25'),('01980786-1a42-75bc-84dd-5e36a453fe67','0cc6044d-20ad-11f0-8e63-0242ac140002','01965b13-01a6-76ce-a459-764e01a769f2','given',8,'Cheered 8 points','','{\"type\": \"cheer\", \"cheer_id\": \"01980786-1a06-7776-b7a6-b040639a0755\"}','2025-07-03 16:39:41','2025-07-14 06:01:25'),('01980786-1a42-75bc-84dd-615c44f79666','0cc6044d-20ad-11f0-8e63-0242ac140002','01965b13-01a6-76ce-a459-764e01a769f2','received',8,'Received 8 points from cheer','','{\"type\": \"cheer\", \"cheer_id\": \"01980786-1a06-7776-b7a6-b040639a0755\"}','2025-07-03 16:39:41','2025-07-14 06:01:26'),('01980786-1b90-76e9-9d86-ac201e4214c0','0197e38c-d497-71c4-80f0-c335d21a4c46','6ded650d-18fb-11f0-8e63-0242ac140002','given',16,'Cheered 16 points','','{\"type\": \"cheer\", \"cheer_id\": \"01980786-1b37-74dc-bbb3-d090e5063944\"}','2025-06-23 16:39:41','2025-07-14 06:01:26'),('01980786-1b90-76e9-9d86-b1a8170406c4','0197e38c-d497-71c4-80f0-c335d21a4c46','6ded650d-18fb-11f0-8e63-0242ac140002','received',16,'Received 16 points from cheer','','{\"type\": \"cheer\", \"cheer_id\": \"01980786-1b37-74dc-bbb3-d090e5063944\"}','2025-06-23 16:39:41','2025-07-14 06:01:26'),('01980786-1cf3-700d-8ff8-811ef2b67383','01963893-fb5f-73bc-8291-01a4cd400dca','0af0757c-fa51-11ef-a725-0af0d960a833','given',10,'Cheered 10 points','','{\"type\": \"cheer\", \"cheer_id\": \"01980786-1cb6-705d-9fd1-b7522c490725\"}','2025-06-20 16:39:42','2025-07-14 06:01:26'),('01980786-1cf3-700d-8ff8-86aab15c76a3','01963893-fb5f-73bc-8291-01a4cd400dca','0af0757c-fa51-11ef-a725-0af0d960a833','received',10,'Received 10 points from cheer','','{\"type\": \"cheer\", \"cheer_id\": \"01980786-1cb6-705d-9fd1-b7522c490725\"}','2025-06-20 16:39:42','2025-07-14 06:01:26'),('01980786-1e2b-75fd-b861-eed0b31e0035','6ded650d-18fb-11f0-8e63-0242ac140002','019614eb-5acf-700e-a7f3-295b59219714','given',18,'Cheered 18 points','','{\"type\": \"cheer\", \"cheer_id\": \"01980786-1dea-7054-957f-1429a25f1860\"}','2025-06-29 16:39:42','2025-07-14 06:01:26'),('01980786-1e2b-75fd-b861-f37099ff1fe0','6ded650d-18fb-11f0-8e63-0242ac140002','019614eb-5acf-700e-a7f3-295b59219714','received',18,'Received 18 points from cheer','','{\"type\": \"cheer\", \"cheer_id\": \"01980786-1dea-7054-957f-1429a25f1860\"}','2025-06-29 16:39:42','2025-07-14 06:01:27'),('01980786-1f78-732c-b157-eb4825ef51f4','019614eb-5acf-700e-a7f3-295b59219714','01966139-343d-71e9-8a04-3802718c6321','given',6,'Cheered 6 points','','{\"type\": \"cheer\", \"cheer_id\": \"01980786-1f27-75c8-86db-e557186a9a06\"}','2025-07-06 16:39:42','2025-07-14 06:01:27'),('01980786-1f78-732c-b157-eda5fba23264','019614eb-5acf-700e-a7f3-295b59219714','01966139-343d-71e9-8a04-3802718c6321','received',6,'Received 6 points from cheer','','{\"type\": \"cheer\", \"cheer_id\": \"01980786-1f27-75c8-86db-e557186a9a06\"}','2025-07-06 16:39:42','2025-07-14 06:01:27'),('01980786-20ae-708c-a42e-1c31030518f3','019614eb-5acf-700e-a7f3-295b59219714','0197531a-de9f-74ef-8fb2-cda84170fd7c','given',15,'Cheered 15 points','','{\"type\": \"cheer\", \"cheer_id\": \"01980786-2071-7229-ae84-6cb4d21b5359\"}','2025-06-28 16:39:43','2025-07-14 06:01:27'),('01980786-20ae-708c-a42e-218f6bf0e663','019614eb-5acf-700e-a7f3-295b59219714','0197531a-de9f-74ef-8fb2-cda84170fd7c','received',15,'Received 15 points from cheer','','{\"type\": \"cheer\", \"cheer_id\": \"01980786-2071-7229-ae84-6cb4d21b5359\"}','2025-06-28 16:39:43','2025-07-14 06:01:27'),('01980786-21f6-72bf-b83a-d4f89e2e91fb','01966139-343d-71e9-8a04-3802718c6321','6ded650d-18fb-11f0-8e63-0242ac140002','given',20,'Cheered 20 points','','{\"type\": \"cheer\", \"cheer_id\": \"01980786-21b6-72f0-ad34-88476d7b1524\"}','2025-07-01 16:39:43','2025-07-14 06:01:27'),('01980786-21f6-72bf-b83a-d99b3680f9f7','01966139-343d-71e9-8a04-3802718c6321','6ded650d-18fb-11f0-8e63-0242ac140002','received',20,'Received 20 points from cheer','','{\"type\": \"cheer\", \"cheer_id\": \"01980786-21b6-72f0-ad34-88476d7b1524\"}','2025-07-01 16:39:43','2025-07-14 06:01:28'),('01980786-232b-7672-b67e-8baf96a0e9ef','01968fcf-c622-73af-a3e2-c9b7e3295e0e','0cc6044d-20ad-11f0-8e63-0242ac140002','given',6,'Cheered 6 points','','{\"type\": \"cheer\", \"cheer_id\": \"01980786-22ed-74fd-a288-dbfff1a216ad\"}','2025-06-25 16:39:43','2025-07-14 06:01:28'),('01980786-232b-7672-b67e-8fee905a7768','01968fcf-c622-73af-a3e2-c9b7e3295e0e','0cc6044d-20ad-11f0-8e63-0242ac140002','received',6,'Received 6 points from cheer','','{\"type\": \"cheer\", \"cheer_id\": \"01980786-22ed-74fd-a288-dbfff1a216ad\"}','2025-06-25 16:39:43','2025-07-14 06:01:28'),('01980786-2465-7040-8297-a0c51864c2c6','0197e38c-d497-71c4-80f0-c335d21a4c46','01966139-343d-71e9-8a04-3802718c6321','given',13,'Cheered 13 points','','{\"type\": \"cheer\", \"cheer_id\": \"01980786-2425-705f-a677-f57f1dad1eaf\"}','2025-06-22 16:39:44','2025-07-14 06:01:28'),('01980786-2465-7040-8297-a6d1454bf379','0197e38c-d497-71c4-80f0-c335d21a4c46','01966139-343d-71e9-8a04-3802718c6321','received',13,'Received 13 points from cheer','','{\"type\": \"cheer\", \"cheer_id\": \"01980786-2425-705f-a677-f57f1dad1eaf\"}','2025-06-22 16:39:44','2025-07-14 06:01:28'),('01980786-25a2-778c-a3ea-8ccb29b34c55','01963893-fb5f-73bc-8291-01a4cd400dca','01965b13-01a6-76ce-a459-764e01a769f2','given',20,'Cheered 20 points','','{\"type\": \"cheer\", \"cheer_id\": \"01980786-2564-70bf-80df-304d8ac78d87\"}','2025-06-10 16:39:45','2025-07-14 06:01:28'),('01980786-25a2-778c-a3ea-92ac7f257e03','01963893-fb5f-73bc-8291-01a4cd400dca','01965b13-01a6-76ce-a459-764e01a769f2','received',20,'Received 20 points from cheer','','{\"type\": \"cheer\", \"cheer_id\": \"01980786-2564-70bf-80df-304d8ac78d87\"}','2025-06-10 16:39:45','2025-07-14 06:01:28'),('01980786-26e0-7424-bc8b-c4b2e86fe93f','0af0757c-fa51-11ef-a725-0af0d960a833','01965b13-01a6-76ce-a459-764e01a769f2','given',16,'Cheered 16 points','','{\"type\": \"cheer\", \"cheer_id\": \"01980786-26a4-767d-9b4c-32120c303eac\"}','2025-06-15 16:39:45','2025-07-14 06:01:29'),('01980786-26e0-7424-bc8b-c9526c201181','0af0757c-fa51-11ef-a725-0af0d960a833','01965b13-01a6-76ce-a459-764e01a769f2','received',16,'Received 16 points from cheer','','{\"type\": \"cheer\", \"cheer_id\": \"01980786-26a4-767d-9b4c-32120c303eac\"}','2025-06-15 16:39:45','2025-07-14 06:01:29'),('01980786-283d-7737-b2c1-3bcc105a2d6e','0197e242-5b2d-77a1-a8a8-d3311c3bfde7','0197e38c-d497-71c4-80f0-c335d21a4c46','given',50,'Cheered 50 points','','{\"type\": \"cheer\", \"cheer_id\": \"01980786-27e7-7067-bbc6-a908b0f9207c\"}','2025-07-09 16:39:46','2025-07-14 06:01:29'),('01980786-283d-7737-b2c1-3fe027243e0a','0197e242-5b2d-77a1-a8a8-d3311c3bfde7','0197e38c-d497-71c4-80f0-c335d21a4c46','received',50,'Received 50 points from cheer','','{\"type\": \"cheer\", \"cheer_id\": \"01980786-27e7-7067-bbc6-a908b0f9207c\"}','2025-07-09 16:39:46','2025-07-14 06:01:29'),('01980786-29b6-778e-acd2-cc899c386ae0','0197e242-5b2d-77a1-a8a8-d3311c3bfde7','0197e38c-d497-71c4-80f0-c335d21a4c46','given',10,'Cheered 10 points','','{\"type\": \"cheer\", \"cheer_id\": \"01980786-2933-7439-b19a-65c39ba8b457\"}','2025-07-10 09:35:09','2025-07-14 06:01:29'),('01980786-29b6-778e-acd2-d34c4c013a04','0197e242-5b2d-77a1-a8a8-d3311c3bfde7','0197e38c-d497-71c4-80f0-c335d21a4c46','received',10,'Received 10 points from cheer','','{\"type\": \"cheer\", \"cheer_id\": \"01980786-2933-7439-b19a-65c39ba8b457\"}','2025-07-10 09:35:09','2025-07-14 06:01:30'),('01980786-2b09-72ec-a711-9501476ea250','0197e242-5b2d-77a1-a8a8-d3311c3bfde7','0197e38c-d497-71c4-80f0-c335d21a4c46','given',10,'Cheered 10 points','','{\"type\": \"cheer\", \"cheer_id\": \"01980786-2abe-717e-b465-d95b15899365\"}','2025-07-10 09:35:13','2025-07-14 06:01:30'),('01980786-2b0a-71c9-a247-1288cc2df5f9','0197e242-5b2d-77a1-a8a8-d3311c3bfde7','0197e38c-d497-71c4-80f0-c335d21a4c46','received',10,'Received 10 points from cheer','','{\"type\": \"cheer\", \"cheer_id\": \"01980786-2abe-717e-b465-d95b15899365\"}','2025-07-10 09:35:13','2025-07-14 06:01:30'),('01980786-2c62-72aa-af87-0f0f7ae9a4d2','0197e242-5b2d-77a1-a8a8-d3311c3bfde7','0197e38c-d497-71c4-80f0-c335d21a4c46','given',10,'Cheered 10 points','','{\"type\": \"cheer\", \"cheer_id\": \"01980786-2c0e-721e-a50f-f02acaf6da58\"}','2025-07-10 09:35:27','2025-07-14 06:01:30'),('01980786-2c62-72aa-af87-12479dcb0a52','0197e242-5b2d-77a1-a8a8-d3311c3bfde7','0197e38c-d497-71c4-80f0-c335d21a4c46','received',10,'Received 10 points from cheer','','{\"type\": \"cheer\", \"cheer_id\": \"01980786-2c0e-721e-a50f-f02acaf6da58\"}','2025-07-10 09:35:27','2025-07-14 06:01:30'),('01980786-2dbf-73ae-a0a7-d2add5989f22','0197e242-5b2d-77a1-a8a8-d3311c3bfde7','019614eb-5acf-700e-a7f3-295b59219714','given',10,'Cheered 10 points','','{\"type\": \"cheer\", \"cheer_id\": \"01980786-2d80-779b-b511-cc1cd15c0c43\"}','2025-07-10 09:35:27','2025-07-14 06:01:30'),('01980786-2dbf-73ae-a0a7-d5fd6942351f','0197e242-5b2d-77a1-a8a8-d3311c3bfde7','019614eb-5acf-700e-a7f3-295b59219714','received',10,'Received 10 points from cheer','','{\"type\": \"cheer\", \"cheer_id\": \"01980786-2d80-779b-b511-cc1cd15c0c43\"}','2025-07-10 09:35:27','2025-07-14 06:01:31'),('01980786-2f18-76fb-b4c8-dda366f73c9e','0197e242-5b2d-77a1-a8a8-d3311c3bfde7','0197e38c-d497-71c4-80f0-c335d21a4c46','given',5,'Cheered 5 points','','{\"type\": \"cheer\", \"cheer_id\": \"01980786-2ec1-7324-9d13-3f73fc826536\"}','2025-07-10 10:56:15','2025-07-14 06:01:31'),('01980786-2f18-76fb-b4c8-e044e2687b4e','0197e242-5b2d-77a1-a8a8-d3311c3bfde7','0197e38c-d497-71c4-80f0-c335d21a4c46','received',5,'Received 5 points from cheer','','{\"type\": \"cheer\", \"cheer_id\": \"01980786-2ec1-7324-9d13-3f73fc826536\"}','2025-07-10 10:56:15','2025-07-14 06:01:31'),('01980786-305a-712f-90d3-042f62088c17','0197e242-5b2d-77a1-a8a8-d3311c3bfde7','019614eb-5acf-700e-a7f3-295b59219714','given',5,'Cheered 5 points','','{\"type\": \"cheer\", \"cheer_id\": \"01980786-3016-7680-9b28-e7bbf3127873\"}','2025-07-10 10:56:15','2025-07-14 06:01:31'),('01980786-305a-712f-90d3-0a1f8bbd9b03','0197e242-5b2d-77a1-a8a8-d3311c3bfde7','019614eb-5acf-700e-a7f3-295b59219714','received',5,'Received 5 points from cheer','','{\"type\": \"cheer\", \"cheer_id\": \"01980786-3016-7680-9b28-e7bbf3127873\"}','2025-07-10 10:56:15','2025-07-14 06:01:31'),('01980786-3191-737e-a2f2-8dd80d8af91f','0197e242-5b2d-77a1-a8a8-d3311c3bfde7','0197e38c-d497-71c4-80f0-c335d21a4c46','given',5,'Cheered 5 points','','{\"type\": \"cheer\", \"cheer_id\": \"01980786-3153-772f-92b7-df725f626de8\"}','2025-07-10 10:56:51','2025-07-14 06:01:31'),('01980786-3191-737e-a2f2-925e5da5b823','0197e242-5b2d-77a1-a8a8-d3311c3bfde7','0197e38c-d497-71c4-80f0-c335d21a4c46','received',5,'Received 5 points from cheer','','{\"type\": \"cheer\", \"cheer_id\": \"01980786-3153-772f-92b7-df725f626de8\"}','2025-07-10 10:56:51','2025-07-14 06:01:32'),('01980786-32c2-7447-8083-c85b6d0a6890','0197e242-5b2d-77a1-a8a8-d3311c3bfde7','019614eb-5acf-700e-a7f3-295b59219714','given',5,'Cheered 5 points','','{\"type\": \"cheer\", \"cheer_id\": \"01980786-3284-755c-b98c-9c919f8da30a\"}','2025-07-10 10:56:51','2025-07-14 06:01:32'),('01980786-32c2-7447-8083-cedc4268f6cf','0197e242-5b2d-77a1-a8a8-d3311c3bfde7','019614eb-5acf-700e-a7f3-295b59219714','received',5,'Received 5 points from cheer','','{\"type\": \"cheer\", \"cheer_id\": \"01980786-3284-755c-b98c-9c919f8da30a\"}','2025-07-10 10:56:51','2025-07-14 06:01:32'),('01980786-33f7-7708-9dd5-39dd189fd26f','0197e242-5b2d-77a1-a8a8-d3311c3bfde7','0197e38c-d497-71c4-80f0-c335d21a4c46','given',5,'Cheered 5 points','','{\"type\": \"cheer\", \"cheer_id\": \"01980786-33bb-73e0-8a92-241da96d6d8d\"}','2025-07-10 11:02:01','2025-07-14 06:01:32'),('01980786-33f7-7708-9dd5-3c5eaecb5ae5','0197e242-5b2d-77a1-a8a8-d3311c3bfde7','0197e38c-d497-71c4-80f0-c335d21a4c46','received',5,'Received 5 points from cheer','','{\"type\": \"cheer\", \"cheer_id\": \"01980786-33bb-73e0-8a92-241da96d6d8d\"}','2025-07-10 11:02:01','2025-07-14 06:01:32'),('01980786-3b38-70a0-914e-aa71fed80dfd',NULL,'0197e242-5b2d-77a1-a8a8-d3311c3bfde7','earned',1500,'Order #9 purchase','Order #9 purchase','{\"source\": \"migration\", \"reference_id\": 9, \"reference_type\": \"order\", \"original_transaction_id\": 1}','2025-07-11 09:15:35','2025-07-11 09:15:35'),('01980786-3b7b-7559-94cb-8c3d5238e473',NULL,'0197e242-5b2d-77a1-a8a8-d3311c3bfde7','earned',751,'Order #13 purchase','Order #13 purchase','{\"source\": \"migration\", \"reference_id\": 13, \"reference_type\": \"order\", \"original_transaction_id\": 2}','2025-07-11 09:46:01','2025-07-11 09:46:01'),('01980786-3bb9-738a-80ac-1508c281ccf5',NULL,'0197e242-5b2d-77a1-a8a8-d3311c3bfde7','earned',300,'Order #14 purchase','Order #14 purchase','{\"source\": \"migration\", \"reference_id\": 14, \"reference_type\": \"order\", \"original_transaction_id\": 3}','2025-07-11 10:21:06','2025-07-11 10:21:06'),('01980786-3bf6-71b9-b56f-3261af3c85b3',NULL,'0197e242-5b2d-77a1-a8a8-d3311c3bfde7','earned',1200,'Order #20 purchase (pending)','Order #20 purchase (pending)','{\"source\": \"migration\", \"reference_id\": 20, \"reference_type\": \"order\", \"original_transaction_id\": 4}','2025-07-11 11:02:01','2025-07-11 11:02:01'),('01980786-3c4e-7198-ac9f-5e0d43b8b2c8',NULL,'0197e242-5b2d-77a1-a8a8-d3311c3bfde7','earned',4800,'Order #19 refund (cancelled)','Order #19 refund (cancelled)','{\"source\": \"migration\", \"reference_id\": 19, \"reference_type\": \"order\", \"original_transaction_id\": 5}','2025-07-11 11:02:33','2025-07-11 11:02:33'),('01980786-3c96-755a-bff7-bad0b920bb4a',NULL,'0197e242-5b2d-77a1-a8a8-d3311c3bfde7','earned',1200,'Order #20 refund (cancelled)','Order #20 refund (cancelled)','{\"source\": \"migration\", \"reference_id\": 20, \"reference_type\": \"order\", \"original_transaction_id\": 6}','2025-07-11 11:02:36','2025-07-11 11:02:36'),('01980786-3cdc-7688-9ed8-38fb9237701a',NULL,'0197e242-5b2d-77a1-a8a8-d3311c3bfde7','earned',4000,'Order #21 purchase (pending)','Order #21 purchase (pending)','{\"source\": \"migration\", \"reference_id\": 21, \"reference_type\": \"order\", \"original_transaction_id\": 7}','2025-07-11 11:11:03','2025-07-11 11:11:03'),('01980786-3d1b-739b-9df1-d498c127b11b',NULL,'0197e242-5b2d-77a1-a8a8-d3311c3bfde7','earned',4000,'Order #21 refund (cancelled)','Order #21 refund (cancelled)','{\"source\": \"migration\", \"reference_id\": 21, \"reference_type\": \"order\", \"original_transaction_id\": 8}','2025-07-11 11:12:44','2025-07-11 11:12:44'),('01980786-3d5a-756b-801a-cbccee132d20',NULL,'0197e242-5b2d-77a1-a8a8-d3311c3bfde7','earned',2000,'Order #22 purchase (pending)','Order #22 purchase (pending)','{\"source\": \"migration\", \"reference_id\": 22, \"reference_type\": \"order\", \"original_transaction_id\": 9}','2025-07-11 11:17:02','2025-07-11 11:17:02'),('01980786-3da8-70b9-845f-fa543504e6f3',NULL,'0197e242-5b2d-77a1-a8a8-d3311c3bfde7','earned',800,'Order #23 purchase (approved)','Order #23 purchase (approved)','{\"source\": \"migration\", \"reference_id\": 23, \"reference_type\": \"order\", \"original_transaction_id\": 10}','2025-07-11 11:17:58','2025-07-11 11:17:58'),('01980786-3df0-764e-93f4-9d910649e93b',NULL,'0197e242-5b2d-77a1-a8a8-d3311c3bfde7','earned',2000,'Order #24 purchase (pending)','Order #24 purchase (pending)','{\"source\": \"migration\", \"reference_id\": 24, \"reference_type\": \"order\", \"original_transaction_id\": 11}','2025-07-11 11:23:59','2025-07-11 11:23:59'),('01980786-3e47-77e8-b7a5-5830ba8c07ce',NULL,'0197e242-5b2d-77a1-a8a8-d3311c3bfde7','earned',2000,'Order #24 refund (cancelled)','Order #24 refund (cancelled)','{\"source\": \"migration\", \"reference_id\": 24, \"reference_type\": \"order\", \"original_transaction_id\": 12}','2025-07-11 13:00:19','2025-07-11 13:00:19'),('01980786-3e8c-734c-9bba-bb8bd07f2364',NULL,'019614eb-5acf-700e-a7f3-295b59219714','earned',101,'Manual monthly heartbits allowance for 2025-07','Manual monthly heartbits allowance for 2025-07','{\"source\": \"migration\", \"reference_id\": null, \"reference_type\": \"admin_adjustment\", \"original_transaction_id\": 13}','2025-07-11 14:21:01','2025-07-11 14:21:01'),('01980786-3ed2-7589-8951-3453a55bab39',NULL,'0196859d-142f-7716-94d2-23f1062917c4','earned',101,'Manual monthly heartbits allowance for 2025-07','Manual monthly heartbits allowance for 2025-07','{\"source\": \"migration\", \"reference_id\": null, \"reference_type\": \"admin_adjustment\", \"original_transaction_id\": 14}','2025-07-11 14:21:02','2025-07-11 14:21:02'),('01980786-3f0f-74dc-9b5b-2bff658fd948',NULL,'01968fcf-c622-73af-a3e2-c9b7e3295e0e','earned',101,'Manual monthly heartbits allowance for 2025-07','Manual monthly heartbits allowance for 2025-07','{\"source\": \"migration\", \"reference_id\": null, \"reference_type\": \"admin_adjustment\", \"original_transaction_id\": 15}','2025-07-11 14:21:02','2025-07-11 14:21:02'),('01980786-3f4e-721b-aa7c-cc7d7ec93432',NULL,'0197531a-de9f-74ef-8fb2-cda84170fd7c','earned',101,'Manual monthly heartbits allowance for 2025-07','Manual monthly heartbits allowance for 2025-07','{\"source\": \"migration\", \"reference_id\": null, \"reference_type\": \"admin_adjustment\", \"original_transaction_id\": 16}','2025-07-11 14:21:02','2025-07-11 14:21:02'),('01980786-3f8a-70ba-ba38-a41537c0d4c6',NULL,'0197e38c-d497-71c4-80f0-c335d21a4c46','earned',101,'Manual monthly heartbits allowance for 2025-07','Manual monthly heartbits allowance for 2025-07','{\"source\": \"migration\", \"reference_id\": null, \"reference_type\": \"admin_adjustment\", \"original_transaction_id\": 17}','2025-07-11 14:21:03','2025-07-11 14:21:03'),('01980786-3fe3-76c2-8700-f7989ebec5cb',NULL,'0af0757c-fa51-11ef-a725-0af0d960a833','earned',101,'Manual monthly heartbits allowance for 2025-07','Manual monthly heartbits allowance for 2025-07','{\"source\": \"migration\", \"reference_id\": null, \"reference_type\": \"admin_adjustment\", \"original_transaction_id\": 18}','2025-07-11 14:21:03','2025-07-11 14:21:03'),('01980786-4032-712f-af88-98cd3b4eeca6',NULL,'0cc6044d-20ad-11f0-8e63-0242ac140002','earned',101,'Manual monthly heartbits allowance for 2025-07','Manual monthly heartbits allowance for 2025-07','{\"source\": \"migration\", \"reference_id\": null, \"reference_type\": \"admin_adjustment\", \"original_transaction_id\": 19}','2025-07-11 14:21:04','2025-07-11 14:21:04'),('01980786-4072-74cd-a512-529919f5020b',NULL,'6ded650d-18fb-11f0-8e63-0242ac140002','earned',101,'Manual monthly heartbits allowance for 2025-07','Manual monthly heartbits allowance for 2025-07','{\"source\": \"migration\", \"reference_id\": null, \"reference_type\": \"admin_adjustment\", \"original_transaction_id\": 20}','2025-07-11 14:21:04','2025-07-11 14:21:04'),('01980786-40b4-769c-903b-ec6be0803b1e',NULL,'0197e242-5b2d-77a1-a8a8-d3311c3bfde7','earned',800,'Order #25 purchase (approved)','Order #25 purchase (approved)','{\"source\": \"migration\", \"reference_id\": 25, \"reference_type\": \"order\", \"original_transaction_id\": 21}','2025-07-11 16:08:34','2025-07-11 16:08:34'),('01980786-40f6-741d-9242-323ba20faa1b',NULL,'0197e242-5b2d-77a1-a8a8-d3311c3bfde7','earned',600,'Order #26 purchase (pending)','Order #26 purchase (pending)','{\"source\": \"migration\", \"reference_id\": 26, \"reference_type\": \"order\", \"original_transaction_id\": 22}','2025-07-11 16:22:27','2025-07-11 16:22:27'),('01980786-4144-72bb-9cbc-30859f8d11df',NULL,'0197e242-5b2d-77a1-a8a8-d3311c3bfde7','earned',300,'Order #27 purchase (pending)','Order #27 purchase (pending)','{\"source\": \"migration\", \"reference_id\": 27, \"reference_type\": \"order\", \"original_transaction_id\": 23}','2025-07-11 16:25:05','2025-07-11 16:25:05'),('01980786-4189-731e-a6f4-c37d905d356c',NULL,'0197e242-5b2d-77a1-a8a8-d3311c3bfde7','earned',500,'Order #28 purchase (approved)','Order #28 purchase (approved)','{\"source\": \"migration\", \"reference_id\": 28, \"reference_type\": \"order\", \"original_transaction_id\": 24}','2025-07-14 09:54:19','2025-07-14 09:54:19'),('01980786-41cc-7500-900b-9646fbc57dfd',NULL,'019614eb-5acf-700e-a7f3-295b59219714','earned',150,'Manual monthly heartbits allowance for 2025-07','Manual monthly heartbits allowance for 2025-07','{\"source\": \"migration\", \"reference_id\": null, \"reference_type\": \"admin_adjustment\", \"original_transaction_id\": 25}','2025-07-14 09:56:44','2025-07-14 09:56:44'),('01980786-420d-7219-8795-f513e9018559',NULL,'0196859d-142f-7716-94d2-23f1062917c4','earned',150,'Manual monthly heartbits allowance for 2025-07','Manual monthly heartbits allowance for 2025-07','{\"source\": \"migration\", \"reference_id\": null, \"reference_type\": \"admin_adjustment\", \"original_transaction_id\": 26}','2025-07-14 09:56:44','2025-07-14 09:56:44'),('01980786-4247-763b-b7ba-34f37570ea9d',NULL,'01968fcf-c622-73af-a3e2-c9b7e3295e0e','earned',150,'Manual monthly heartbits allowance for 2025-07','Manual monthly heartbits allowance for 2025-07','{\"source\": \"migration\", \"reference_id\": null, \"reference_type\": \"admin_adjustment\", \"original_transaction_id\": 27}','2025-07-14 09:56:44','2025-07-14 09:56:44'),('01980786-4283-720c-967f-5b1f7faa6960',NULL,'0197531a-de9f-74ef-8fb2-cda84170fd7c','earned',150,'Manual monthly heartbits allowance for 2025-07','Manual monthly heartbits allowance for 2025-07','{\"source\": \"migration\", \"reference_id\": null, \"reference_type\": \"admin_adjustment\", \"original_transaction_id\": 28}','2025-07-14 09:56:45','2025-07-14 09:56:45'),('01980786-42c7-74d8-a485-d0ac9e5d532b',NULL,'0197e38c-d497-71c4-80f0-c335d21a4c46','earned',150,'Manual monthly heartbits allowance for 2025-07','Manual monthly heartbits allowance for 2025-07','{\"source\": \"migration\", \"reference_id\": null, \"reference_type\": \"admin_adjustment\", \"original_transaction_id\": 29}','2025-07-14 09:56:45','2025-07-14 09:56:45'),('01980786-4307-73da-97a4-ca777d157eb9',NULL,'0af0757c-fa51-11ef-a725-0af0d960a833','earned',150,'Manual monthly heartbits allowance for 2025-07','Manual monthly heartbits allowance for 2025-07','{\"source\": \"migration\", \"reference_id\": null, \"reference_type\": \"admin_adjustment\", \"original_transaction_id\": 30}','2025-07-14 09:56:45','2025-07-14 09:56:45'),('01980786-4348-774c-88b1-6f99f77332c0',NULL,'0cc6044d-20ad-11f0-8e63-0242ac140002','earned',150,'Manual monthly heartbits allowance for 2025-07','Manual monthly heartbits allowance for 2025-07','{\"source\": \"migration\", \"reference_id\": null, \"reference_type\": \"admin_adjustment\", \"original_transaction_id\": 31}','2025-07-14 09:56:46','2025-07-14 09:56:46'),('01980786-4390-71fb-99c5-e8b1c1761ed9',NULL,'6ded650d-18fb-11f0-8e63-0242ac140002','earned',150,'Manual monthly heartbits allowance for 2025-07','Manual monthly heartbits allowance for 2025-07','{\"source\": \"migration\", \"reference_id\": null, \"reference_type\": \"admin_adjustment\", \"original_transaction_id\": 32}','2025-07-14 09:56:46','2025-07-14 09:56:46'),('01980786-43d7-7329-90b2-2177b712d595',NULL,'0197e242-5b2d-77a1-a8a8-d3311c3bfde7','earned',600,'Order #29 purchase (pending)','Order #29 purchase (pending)','{\"source\": \"migration\", \"reference_id\": 29, \"reference_type\": \"order\", \"original_transaction_id\": 33}','2025-07-14 13:12:42','2025-07-14 13:12:42'),('01980786-4414-75ce-a57f-94de1f99c9e5',NULL,'0197e242-5b2d-77a1-a8a8-d3311c3bfde7','earned',600,'Order #29 refund (cancelled)','Order #29 refund (cancelled)','{\"source\": \"migration\", \"reference_id\": 29, \"reference_type\": \"order\", \"original_transaction_id\": 34}','2025-07-14 13:13:04','2025-07-14 13:13:04'),('01980786-4453-7468-9d1d-3b1bfc5c32ee',NULL,'0197e242-5b2d-77a1-a8a8-d3311c3bfde7','earned',800,'Order #30 purchase (pending)','Order #30 purchase (pending)','{\"source\": \"migration\", \"reference_id\": 30, \"reference_type\": \"order\", \"original_transaction_id\": 35}','2025-07-14 13:13:38','2025-07-14 13:13:38'),('01980786-448f-73ab-908f-6795c1f44c84',NULL,'0197e242-5b2d-77a1-a8a8-d3311c3bfde7','earned',800,'Order #30 refund (cancelled)','Order #30 refund (cancelled)','{\"source\": \"migration\", \"reference_id\": 30, \"reference_type\": \"order\", \"original_transaction_id\": 36}','2025-07-14 13:19:39','2025-07-14 13:19:39'),('01980786-a17f-76d3-a571-0b51957dde72','01963893-fb5f-73bc-8291-01a4cd400dca','01965b13-01a6-76ce-a459-764e01a769f2','given',20,'Cheered 20 points','','{\"type\": \"cheer\", \"cheer_id\": \"01980786-a131-7349-afa6-2fd62f9b4160\"}','2025-06-15 16:39:39','2025-07-14 06:02:00'),('01980786-a17f-76d3-a571-0ec29746f0d3','01963893-fb5f-73bc-8291-01a4cd400dca','01965b13-01a6-76ce-a459-764e01a769f2','received',20,'Received 20 points from cheer','','{\"type\": \"cheer\", \"cheer_id\": \"01980786-a131-7349-afa6-2fd62f9b4160\"}','2025-06-15 16:39:39','2025-07-14 06:02:00'),('01980786-a2e3-7148-9b38-f94ad4798679','0197e38c-d497-71c4-80f0-c335d21a4c46','6ded650d-18fb-11f0-8e63-0242ac140002','given',15,'Cheered 15 points','','{\"type\": \"cheer\", \"cheer_id\": \"01980786-a2a3-7202-bbaa-367d505d6d04\"}','2025-07-04 16:39:40','2025-07-14 06:02:00'),('01980786-a2e3-7148-9b38-ff91e0cfe350','0197e38c-d497-71c4-80f0-c335d21a4c46','6ded650d-18fb-11f0-8e63-0242ac140002','received',15,'Received 15 points from cheer','','{\"type\": \"cheer\", \"cheer_id\": \"01980786-a2a3-7202-bbaa-367d505d6d04\"}','2025-07-04 16:39:40','2025-07-14 06:02:01'),('01980786-a42b-705b-bcc9-25a185e069f0','019614eb-5acf-700e-a7f3-295b59219714','0197e38c-d497-71c4-80f0-c335d21a4c46','given',12,'Cheered 12 points','','{\"type\": \"cheer\", \"cheer_id\": \"01980786-a3ec-73fd-a2fd-cd8ea2121bc5\"}','2025-06-23 16:39:40','2025-07-14 06:02:01'),('01980786-a42b-705b-bcc9-2aed64f4849a','019614eb-5acf-700e-a7f3-295b59219714','0197e38c-d497-71c4-80f0-c335d21a4c46','received',12,'Received 12 points from cheer','','{\"type\": \"cheer\", \"cheer_id\": \"01980786-a3ec-73fd-a2fd-cd8ea2121bc5\"}','2025-06-23 16:39:40','2025-07-14 06:02:01'),('01980786-a560-77c8-8cdb-c8154200aae4','6ded650d-18fb-11f0-8e63-0242ac140002','0af0757c-fa51-11ef-a725-0af0d960a833','given',18,'Cheered 18 points','','{\"type\": \"cheer\", \"cheer_id\": \"01980786-a51c-77ce-92e8-72c145d24e6d\"}','2025-07-02 16:39:40','2025-07-14 06:02:01'),('01980786-a560-77c8-8cdb-cf4d9ddcfc10','6ded650d-18fb-11f0-8e63-0242ac140002','0af0757c-fa51-11ef-a725-0af0d960a833','received',18,'Received 18 points from cheer','','{\"type\": \"cheer\", \"cheer_id\": \"01980786-a51c-77ce-92e8-72c145d24e6d\"}','2025-07-02 16:39:40','2025-07-14 06:02:01'),('01980786-a6ad-700f-b3ef-a5062dc698a5','0cc6044d-20ad-11f0-8e63-0242ac140002','01965b13-01a6-76ce-a459-764e01a769f2','given',8,'Cheered 8 points','','{\"type\": \"cheer\", \"cheer_id\": \"01980786-a670-713a-993c-17a1b8fabc73\"}','2025-07-03 16:39:41','2025-07-14 06:02:01'),('01980786-a6ad-700f-b3ef-a935e0b8910d','0cc6044d-20ad-11f0-8e63-0242ac140002','01965b13-01a6-76ce-a459-764e01a769f2','received',8,'Received 8 points from cheer','','{\"type\": \"cheer\", \"cheer_id\": \"01980786-a670-713a-993c-17a1b8fabc73\"}','2025-07-03 16:39:41','2025-07-14 06:02:01'),('01980786-a7ee-75fb-bbb7-3dae46c79ec0','0197e38c-d497-71c4-80f0-c335d21a4c46','6ded650d-18fb-11f0-8e63-0242ac140002','given',16,'Cheered 16 points','','{\"type\": \"cheer\", \"cheer_id\": \"01980786-a7b3-74e9-814b-db5e73066921\"}','2025-06-23 16:39:41','2025-07-14 06:02:02'),('01980786-a7ee-75fb-bbb7-405aa8ec9225','0197e38c-d497-71c4-80f0-c335d21a4c46','6ded650d-18fb-11f0-8e63-0242ac140002','received',16,'Received 16 points from cheer','','{\"type\": \"cheer\", \"cheer_id\": \"01980786-a7b3-74e9-814b-db5e73066921\"}','2025-06-23 16:39:41','2025-07-14 06:02:02'),('01980786-a936-772d-9b2f-e20deb0b0112','01963893-fb5f-73bc-8291-01a4cd400dca','0af0757c-fa51-11ef-a725-0af0d960a833','given',10,'Cheered 10 points','','{\"type\": \"cheer\", \"cheer_id\": \"01980786-a8f8-70cf-bc72-d7012010a6e0\"}','2025-06-20 16:39:42','2025-07-14 06:02:02'),('01980786-a936-772d-9b2f-e77c79a63fd1','01963893-fb5f-73bc-8291-01a4cd400dca','0af0757c-fa51-11ef-a725-0af0d960a833','received',10,'Received 10 points from cheer','','{\"type\": \"cheer\", \"cheer_id\": \"01980786-a8f8-70cf-bc72-d7012010a6e0\"}','2025-06-20 16:39:42','2025-07-14 06:02:02'),('01980786-aa5d-7006-a282-f290bbb38625','6ded650d-18fb-11f0-8e63-0242ac140002','019614eb-5acf-700e-a7f3-295b59219714','given',18,'Cheered 18 points','','{\"type\": \"cheer\", \"cheer_id\": \"01980786-aa1d-7355-97c5-a722feaf87f4\"}','2025-06-29 16:39:42','2025-07-14 06:02:02'),('01980786-aa5d-7006-a282-f7b575324e72','6ded650d-18fb-11f0-8e63-0242ac140002','019614eb-5acf-700e-a7f3-295b59219714','received',18,'Received 18 points from cheer','','{\"type\": \"cheer\", \"cheer_id\": \"01980786-aa1d-7355-97c5-a722feaf87f4\"}','2025-06-29 16:39:42','2025-07-14 06:02:02'),('01980786-ab8b-7378-9de1-4f2b83dfd7af','019614eb-5acf-700e-a7f3-295b59219714','01966139-343d-71e9-8a04-3802718c6321','given',6,'Cheered 6 points','','{\"type\": \"cheer\", \"cheer_id\": \"01980786-ab51-7365-abb6-606343e80081\"}','2025-07-06 16:39:42','2025-07-14 06:02:03'),('01980786-ab8b-7378-9de1-50181f114c4f','019614eb-5acf-700e-a7f3-295b59219714','01966139-343d-71e9-8a04-3802718c6321','received',6,'Received 6 points from cheer','','{\"type\": \"cheer\", \"cheer_id\": \"01980786-ab51-7365-abb6-606343e80081\"}','2025-07-06 16:39:42','2025-07-14 06:02:03'),('01980786-acb6-709b-b0be-786c38cc2eb2','019614eb-5acf-700e-a7f3-295b59219714','0197531a-de9f-74ef-8fb2-cda84170fd7c','given',15,'Cheered 15 points','','{\"type\": \"cheer\", \"cheer_id\": \"01980786-ac7c-75f9-af27-ef246f6f0542\"}','2025-06-28 16:39:43','2025-07-14 06:02:03'),('01980786-acb6-709b-b0be-7fd9063f8557','019614eb-5acf-700e-a7f3-295b59219714','0197531a-de9f-74ef-8fb2-cda84170fd7c','received',15,'Received 15 points from cheer','','{\"type\": \"cheer\", \"cheer_id\": \"01980786-ac7c-75f9-af27-ef246f6f0542\"}','2025-06-28 16:39:43','2025-07-14 06:02:03'),('01980786-adfa-709c-af42-265ed3dceea3','01966139-343d-71e9-8a04-3802718c6321','6ded650d-18fb-11f0-8e63-0242ac140002','given',20,'Cheered 20 points','','{\"type\": \"cheer\", \"cheer_id\": \"01980786-adba-7069-adda-e23ba8a903ef\"}','2025-07-01 16:39:43','2025-07-14 06:02:03'),('01980786-adfa-709c-af42-282979e7c312','01966139-343d-71e9-8a04-3802718c6321','6ded650d-18fb-11f0-8e63-0242ac140002','received',20,'Received 20 points from cheer','','{\"type\": \"cheer\", \"cheer_id\": \"01980786-adba-7069-adda-e23ba8a903ef\"}','2025-07-01 16:39:43','2025-07-14 06:02:03'),('01980786-af25-773c-86d6-49d09e7f513c','01968fcf-c622-73af-a3e2-c9b7e3295e0e','0cc6044d-20ad-11f0-8e63-0242ac140002','given',6,'Cheered 6 points','','{\"type\": \"cheer\", \"cheer_id\": \"01980786-aeec-71b3-a22c-3f214327d2c5\"}','2025-06-25 16:39:43','2025-07-14 06:02:04'),('01980786-af25-773c-86d6-4dddc859bb3c','01968fcf-c622-73af-a3e2-c9b7e3295e0e','0cc6044d-20ad-11f0-8e63-0242ac140002','received',6,'Received 6 points from cheer','','{\"type\": \"cheer\", \"cheer_id\": \"01980786-aeec-71b3-a22c-3f214327d2c5\"}','2025-06-25 16:39:43','2025-07-14 06:02:04'),('01980786-b061-71a9-9f84-80d580307a8b','0197e38c-d497-71c4-80f0-c335d21a4c46','01966139-343d-71e9-8a04-3802718c6321','given',13,'Cheered 13 points','','{\"type\": \"cheer\", \"cheer_id\": \"01980786-b015-732f-ad3c-b5d7bb19f524\"}','2025-06-22 16:39:44','2025-07-14 06:02:04'),('01980786-b061-71a9-9f84-86d756fd09b5','0197e38c-d497-71c4-80f0-c335d21a4c46','01966139-343d-71e9-8a04-3802718c6321','received',13,'Received 13 points from cheer','','{\"type\": \"cheer\", \"cheer_id\": \"01980786-b015-732f-ad3c-b5d7bb19f524\"}','2025-06-22 16:39:44','2025-07-14 06:02:04'),('01980786-b1a2-733c-88c7-3bc6939e4386','01963893-fb5f-73bc-8291-01a4cd400dca','01965b13-01a6-76ce-a459-764e01a769f2','given',20,'Cheered 20 points','','{\"type\": \"cheer\", \"cheer_id\": \"01980786-b167-7095-99ae-139fabbc4b00\"}','2025-06-10 16:39:45','2025-07-14 06:02:04'),('01980786-b1a2-733c-88c7-3edb6381a424','01963893-fb5f-73bc-8291-01a4cd400dca','01965b13-01a6-76ce-a459-764e01a769f2','received',20,'Received 20 points from cheer','','{\"type\": \"cheer\", \"cheer_id\": \"01980786-b167-7095-99ae-139fabbc4b00\"}','2025-06-10 16:39:45','2025-07-14 06:02:04'),('01980786-b2c3-71ba-a094-135233116638','0af0757c-fa51-11ef-a725-0af0d960a833','01965b13-01a6-76ce-a459-764e01a769f2','given',16,'Cheered 16 points','','{\"type\": \"cheer\", \"cheer_id\": \"01980786-b289-7649-890a-dcb37578d4f4\"}','2025-06-15 16:39:45','2025-07-14 06:02:05'),('01980786-b2c3-71ba-a094-1465afdbcd04','0af0757c-fa51-11ef-a725-0af0d960a833','01965b13-01a6-76ce-a459-764e01a769f2','received',16,'Received 16 points from cheer','','{\"type\": \"cheer\", \"cheer_id\": \"01980786-b289-7649-890a-dcb37578d4f4\"}','2025-06-15 16:39:45','2025-07-14 06:02:05'),('01980786-b3fc-7450-86e2-4dcdd5f4820c','0197e242-5b2d-77a1-a8a8-d3311c3bfde7','0197e38c-d497-71c4-80f0-c335d21a4c46','given',50,'Cheered 50 points','','{\"type\": \"cheer\", \"cheer_id\": \"01980786-b3af-7277-8901-db7c9e087109\"}','2025-07-09 16:39:46','2025-07-14 06:02:05'),('01980786-b3fc-7450-86e2-507177fe7f5e','0197e242-5b2d-77a1-a8a8-d3311c3bfde7','0197e38c-d497-71c4-80f0-c335d21a4c46','received',50,'Received 50 points from cheer','','{\"type\": \"cheer\", \"cheer_id\": \"01980786-b3af-7277-8901-db7c9e087109\"}','2025-07-09 16:39:46','2025-07-14 06:02:05'),('01980786-b525-7257-b97b-b83ee8457b50','0197e242-5b2d-77a1-a8a8-d3311c3bfde7','0197e38c-d497-71c4-80f0-c335d21a4c46','given',10,'Cheered 10 points','','{\"type\": \"cheer\", \"cheer_id\": \"01980786-b4eb-733e-9c4f-f267a88cfd97\"}','2025-07-10 09:35:09','2025-07-14 06:02:05'),('01980786-b525-7257-b97b-bf351b1fe996','0197e242-5b2d-77a1-a8a8-d3311c3bfde7','0197e38c-d497-71c4-80f0-c335d21a4c46','received',10,'Received 10 points from cheer','','{\"type\": \"cheer\", \"cheer_id\": \"01980786-b4eb-733e-9c4f-f267a88cfd97\"}','2025-07-10 09:35:09','2025-07-14 06:02:05'),('01980786-b657-7401-b641-7cc573d7c556','0197e242-5b2d-77a1-a8a8-d3311c3bfde7','0197e38c-d497-71c4-80f0-c335d21a4c46','given',10,'Cheered 10 points','','{\"type\": \"cheer\", \"cheer_id\": \"01980786-b61c-77fa-a8b4-ca3170cec7da\"}','2025-07-10 09:35:13','2025-07-14 06:02:05'),('01980786-b657-7401-b641-834102cf4076','0197e242-5b2d-77a1-a8a8-d3311c3bfde7','0197e38c-d497-71c4-80f0-c335d21a4c46','received',10,'Received 10 points from cheer','','{\"type\": \"cheer\", \"cheer_id\": \"01980786-b61c-77fa-a8b4-ca3170cec7da\"}','2025-07-10 09:35:13','2025-07-14 06:02:06'),('01980786-b7ad-7523-a6ee-e4fdfd976c41','0197e242-5b2d-77a1-a8a8-d3311c3bfde7','0197e38c-d497-71c4-80f0-c335d21a4c46','given',10,'Cheered 10 points','','{\"type\": \"cheer\", \"cheer_id\": \"01980786-b772-71fe-b889-9ac675a04df9\"}','2025-07-10 09:35:27','2025-07-14 06:02:06'),('01980786-b7ad-7523-a6ee-e9088ff9b7ff','0197e242-5b2d-77a1-a8a8-d3311c3bfde7','0197e38c-d497-71c4-80f0-c335d21a4c46','received',10,'Received 10 points from cheer','','{\"type\": \"cheer\", \"cheer_id\": \"01980786-b772-71fe-b889-9ac675a04df9\"}','2025-07-10 09:35:27','2025-07-14 06:02:06'),('01980786-b8e2-747b-b1b8-763b4abdbba2','0197e242-5b2d-77a1-a8a8-d3311c3bfde7','019614eb-5acf-700e-a7f3-295b59219714','given',10,'Cheered 10 points','','{\"type\": \"cheer\", \"cheer_id\": \"01980786-b8a8-7546-9f6e-341a072847c9\"}','2025-07-10 09:35:27','2025-07-14 06:02:06'),('01980786-b8e2-747b-b1b8-7a333dc9bd5a','0197e242-5b2d-77a1-a8a8-d3311c3bfde7','019614eb-5acf-700e-a7f3-295b59219714','received',10,'Received 10 points from cheer','','{\"type\": \"cheer\", \"cheer_id\": \"01980786-b8a8-7546-9f6e-341a072847c9\"}','2025-07-10 09:35:27','2025-07-14 06:02:06'),('01980786-ba12-746f-8b2d-53450c8e0245','0197e242-5b2d-77a1-a8a8-d3311c3bfde7','0197e38c-d497-71c4-80f0-c335d21a4c46','given',5,'Cheered 5 points','','{\"type\": \"cheer\", \"cheer_id\": \"01980786-b9d5-76f8-a0fb-df23eacde8ef\"}','2025-07-10 10:56:15','2025-07-14 06:02:06'),('01980786-ba12-746f-8b2d-55cbef582f5d','0197e242-5b2d-77a1-a8a8-d3311c3bfde7','0197e38c-d497-71c4-80f0-c335d21a4c46','received',5,'Received 5 points from cheer','','{\"type\": \"cheer\", \"cheer_id\": \"01980786-b9d5-76f8-a0fb-df23eacde8ef\"}','2025-07-10 10:56:15','2025-07-14 06:02:06'),('01980786-bb53-76d6-bda7-714e97e14791','0197e242-5b2d-77a1-a8a8-d3311c3bfde7','019614eb-5acf-700e-a7f3-295b59219714','given',5,'Cheered 5 points','','{\"type\": \"cheer\", \"cheer_id\": \"01980786-bb1a-778d-ba82-9bfae6b4de77\"}','2025-07-10 10:56:15','2025-07-14 06:02:07'),('01980786-bb53-76d6-bda7-74f4ff7b5505','0197e242-5b2d-77a1-a8a8-d3311c3bfde7','019614eb-5acf-700e-a7f3-295b59219714','received',5,'Received 5 points from cheer','','{\"type\": \"cheer\", \"cheer_id\": \"01980786-bb1a-778d-ba82-9bfae6b4de77\"}','2025-07-10 10:56:15','2025-07-14 06:02:07'),('01980786-bc87-740a-a72c-4b5abedb8465','0197e242-5b2d-77a1-a8a8-d3311c3bfde7','0197e38c-d497-71c4-80f0-c335d21a4c46','given',5,'Cheered 5 points','','{\"type\": \"cheer\", \"cheer_id\": \"01980786-bc4d-7054-89c5-940ef9f7e523\"}','2025-07-10 10:56:51','2025-07-14 06:02:07'),('01980786-bc87-740a-a72c-4ff556d18917','0197e242-5b2d-77a1-a8a8-d3311c3bfde7','0197e38c-d497-71c4-80f0-c335d21a4c46','received',5,'Received 5 points from cheer','','{\"type\": \"cheer\", \"cheer_id\": \"01980786-bc4d-7054-89c5-940ef9f7e523\"}','2025-07-10 10:56:51','2025-07-14 06:02:07'),('01980786-bdd9-7783-bbe6-461eb33709a7','0197e242-5b2d-77a1-a8a8-d3311c3bfde7','019614eb-5acf-700e-a7f3-295b59219714','given',5,'Cheered 5 points','','{\"type\": \"cheer\", \"cheer_id\": \"01980786-bd9c-7388-8fdc-ae22fe5b6cae\"}','2025-07-10 10:56:51','2025-07-14 06:02:07'),('01980786-bdd9-7783-bbe6-4b3a45dc91ff','0197e242-5b2d-77a1-a8a8-d3311c3bfde7','019614eb-5acf-700e-a7f3-295b59219714','received',5,'Received 5 points from cheer','','{\"type\": \"cheer\", \"cheer_id\": \"01980786-bd9c-7388-8fdc-ae22fe5b6cae\"}','2025-07-10 10:56:51','2025-07-14 06:02:07'),('01980786-bf1a-7598-a3bc-1097917b9683','0197e242-5b2d-77a1-a8a8-d3311c3bfde7','0197e38c-d497-71c4-80f0-c335d21a4c46','given',5,'Cheered 5 points','','{\"type\": \"cheer\", \"cheer_id\": \"01980786-bee1-70e5-ab56-f416a5809eb0\"}','2025-07-10 11:02:01','2025-07-14 06:02:08'),('01980786-bf1a-7598-a3bc-14c96ff63bdf','0197e242-5b2d-77a1-a8a8-d3311c3bfde7','0197e38c-d497-71c4-80f0-c335d21a4c46','received',5,'Received 5 points from cheer','','{\"type\": \"cheer\", \"cheer_id\": \"01980786-bee1-70e5-ab56-f416a5809eb0\"}','2025-07-10 11:02:01','2025-07-14 06:02:08'),('01980786-c376-769e-be18-6988ee7754b7',NULL,'0197e242-5b2d-77a1-a8a8-d3311c3bfde7','earned',1500,'Order #9 purchase','Order #9 purchase','{\"source\": \"migration\", \"reference_id\": 9, \"reference_type\": \"order\", \"original_transaction_id\": 1}','2025-07-11 09:15:35','2025-07-11 09:15:35'),('01980786-c3af-71bd-8417-2ae5110c759b',NULL,'0197e242-5b2d-77a1-a8a8-d3311c3bfde7','earned',751,'Order #13 purchase','Order #13 purchase','{\"source\": \"migration\", \"reference_id\": 13, \"reference_type\": \"order\", \"original_transaction_id\": 2}','2025-07-11 09:46:01','2025-07-11 09:46:01'),('01980786-c3ee-7416-aff6-30af99098e7a',NULL,'0197e242-5b2d-77a1-a8a8-d3311c3bfde7','earned',300,'Order #14 purchase','Order #14 purchase','{\"source\": \"migration\", \"reference_id\": 14, \"reference_type\": \"order\", \"original_transaction_id\": 3}','2025-07-11 10:21:06','2025-07-11 10:21:06'),('01980786-c42a-7365-a04a-c59716541b2f',NULL,'0197e242-5b2d-77a1-a8a8-d3311c3bfde7','earned',1200,'Order #20 purchase (pending)','Order #20 purchase (pending)','{\"source\": \"migration\", \"reference_id\": 20, \"reference_type\": \"order\", \"original_transaction_id\": 4}','2025-07-11 11:02:01','2025-07-11 11:02:01'),('01980786-c467-721b-9f04-7a91b7185e39',NULL,'0197e242-5b2d-77a1-a8a8-d3311c3bfde7','earned',4800,'Order #19 refund (cancelled)','Order #19 refund (cancelled)','{\"source\": \"migration\", \"reference_id\": 19, \"reference_type\": \"order\", \"original_transaction_id\": 5}','2025-07-11 11:02:33','2025-07-11 11:02:33'),('01980786-c4a0-77cd-a6d0-79c79cff2d5e',NULL,'0197e242-5b2d-77a1-a8a8-d3311c3bfde7','earned',1200,'Order #20 refund (cancelled)','Order #20 refund (cancelled)','{\"source\": \"migration\", \"reference_id\": 20, \"reference_type\": \"order\", \"original_transaction_id\": 6}','2025-07-11 11:02:36','2025-07-11 11:02:36'),('01980786-c4df-7743-bf0f-619a7a980afe',NULL,'0197e242-5b2d-77a1-a8a8-d3311c3bfde7','earned',4000,'Order #21 purchase (pending)','Order #21 purchase (pending)','{\"source\": \"migration\", \"reference_id\": 21, \"reference_type\": \"order\", \"original_transaction_id\": 7}','2025-07-11 11:11:03','2025-07-11 11:11:03'),('01980786-c51e-77f8-9f93-9392b310b841',NULL,'0197e242-5b2d-77a1-a8a8-d3311c3bfde7','earned',4000,'Order #21 refund (cancelled)','Order #21 refund (cancelled)','{\"source\": \"migration\", \"reference_id\": 21, \"reference_type\": \"order\", \"original_transaction_id\": 8}','2025-07-11 11:12:44','2025-07-11 11:12:44'),('01980786-c55b-71b8-b632-882a0a76a932',NULL,'0197e242-5b2d-77a1-a8a8-d3311c3bfde7','earned',2000,'Order #22 purchase (pending)','Order #22 purchase (pending)','{\"source\": \"migration\", \"reference_id\": 22, \"reference_type\": \"order\", \"original_transaction_id\": 9}','2025-07-11 11:17:02','2025-07-11 11:17:02'),('01980786-c596-7437-a8ac-caf7b6fb1440',NULL,'0197e242-5b2d-77a1-a8a8-d3311c3bfde7','earned',800,'Order #23 purchase (approved)','Order #23 purchase (approved)','{\"source\": \"migration\", \"reference_id\": 23, \"reference_type\": \"order\", \"original_transaction_id\": 10}','2025-07-11 11:17:58','2025-07-11 11:17:58'),('01980786-c5cf-77cb-8143-aecf840f272b',NULL,'0197e242-5b2d-77a1-a8a8-d3311c3bfde7','earned',2000,'Order #24 purchase (pending)','Order #24 purchase (pending)','{\"source\": \"migration\", \"reference_id\": 24, \"reference_type\": \"order\", \"original_transaction_id\": 11}','2025-07-11 11:23:59','2025-07-11 11:23:59'),('01980786-c609-734a-a620-81834efd691c',NULL,'0197e242-5b2d-77a1-a8a8-d3311c3bfde7','earned',2000,'Order #24 refund (cancelled)','Order #24 refund (cancelled)','{\"source\": \"migration\", \"reference_id\": 24, \"reference_type\": \"order\", \"original_transaction_id\": 12}','2025-07-11 13:00:19','2025-07-11 13:00:19'),('01980786-c646-7689-9b04-e971ebf27a21',NULL,'019614eb-5acf-700e-a7f3-295b59219714','earned',101,'Manual monthly heartbits allowance for 2025-07','Manual monthly heartbits allowance for 2025-07','{\"source\": \"migration\", \"reference_id\": null, \"reference_type\": \"admin_adjustment\", \"original_transaction_id\": 13}','2025-07-11 14:21:01','2025-07-11 14:21:01'),('01980786-c683-715b-beae-58d9d1998543',NULL,'0196859d-142f-7716-94d2-23f1062917c4','earned',101,'Manual monthly heartbits allowance for 2025-07','Manual monthly heartbits allowance for 2025-07','{\"source\": \"migration\", \"reference_id\": null, \"reference_type\": \"admin_adjustment\", \"original_transaction_id\": 14}','2025-07-11 14:21:02','2025-07-11 14:21:02'),('01980786-c6c0-759b-87cb-db0aaecb3c34',NULL,'01968fcf-c622-73af-a3e2-c9b7e3295e0e','earned',101,'Manual monthly heartbits allowance for 2025-07','Manual monthly heartbits allowance for 2025-07','{\"source\": \"migration\", \"reference_id\": null, \"reference_type\": \"admin_adjustment\", \"original_transaction_id\": 15}','2025-07-11 14:21:02','2025-07-11 14:21:02'),('01980786-c6fa-7142-b208-d0a62d339706',NULL,'0197531a-de9f-74ef-8fb2-cda84170fd7c','earned',101,'Manual monthly heartbits allowance for 2025-07','Manual monthly heartbits allowance for 2025-07','{\"source\": \"migration\", \"reference_id\": null, \"reference_type\": \"admin_adjustment\", \"original_transaction_id\": 16}','2025-07-11 14:21:02','2025-07-11 14:21:02'),('01980786-c73b-73af-9191-b610fcfa37c3',NULL,'0197e38c-d497-71c4-80f0-c335d21a4c46','earned',101,'Manual monthly heartbits allowance for 2025-07','Manual monthly heartbits allowance for 2025-07','{\"source\": \"migration\", \"reference_id\": null, \"reference_type\": \"admin_adjustment\", \"original_transaction_id\": 17}','2025-07-11 14:21:03','2025-07-11 14:21:03'),('01980786-c77e-76cb-8620-9ad93bdcf0c3',NULL,'0af0757c-fa51-11ef-a725-0af0d960a833','earned',101,'Manual monthly heartbits allowance for 2025-07','Manual monthly heartbits allowance for 2025-07','{\"source\": \"migration\", \"reference_id\": null, \"reference_type\": \"admin_adjustment\", \"original_transaction_id\": 18}','2025-07-11 14:21:03','2025-07-11 14:21:03'),('01980786-c7b9-7646-8094-d56a2c85c486',NULL,'0cc6044d-20ad-11f0-8e63-0242ac140002','earned',101,'Manual monthly heartbits allowance for 2025-07','Manual monthly heartbits allowance for 2025-07','{\"source\": \"migration\", \"reference_id\": null, \"reference_type\": \"admin_adjustment\", \"original_transaction_id\": 19}','2025-07-11 14:21:04','2025-07-11 14:21:04'),('01980786-c7f8-742d-a313-f64034aa70a8',NULL,'6ded650d-18fb-11f0-8e63-0242ac140002','earned',101,'Manual monthly heartbits allowance for 2025-07','Manual monthly heartbits allowance for 2025-07','{\"source\": \"migration\", \"reference_id\": null, \"reference_type\": \"admin_adjustment\", \"original_transaction_id\": 20}','2025-07-11 14:21:04','2025-07-11 14:21:04'),('01980786-c836-72af-88a9-82582743c145',NULL,'0197e242-5b2d-77a1-a8a8-d3311c3bfde7','earned',800,'Order #25 purchase (approved)','Order #25 purchase (approved)','{\"source\": \"migration\", \"reference_id\": 25, \"reference_type\": \"order\", \"original_transaction_id\": 21}','2025-07-11 16:08:34','2025-07-11 16:08:34'),('01980786-c876-77dc-bd21-4d35d7617b1b',NULL,'0197e242-5b2d-77a1-a8a8-d3311c3bfde7','earned',600,'Order #26 purchase (pending)','Order #26 purchase (pending)','{\"source\": \"migration\", \"reference_id\": 26, \"reference_type\": \"order\", \"original_transaction_id\": 22}','2025-07-11 16:22:27','2025-07-11 16:22:27'),('01980786-c8b0-72f3-87c8-3df6d0031574',NULL,'0197e242-5b2d-77a1-a8a8-d3311c3bfde7','earned',300,'Order #27 purchase (pending)','Order #27 purchase (pending)','{\"source\": \"migration\", \"reference_id\": 27, \"reference_type\": \"order\", \"original_transaction_id\": 23}','2025-07-11 16:25:05','2025-07-11 16:25:05'),('01980786-c8ed-7737-b461-32f4d14ebe48',NULL,'0197e242-5b2d-77a1-a8a8-d3311c3bfde7','earned',500,'Order #28 purchase (approved)','Order #28 purchase (approved)','{\"source\": \"migration\", \"reference_id\": 28, \"reference_type\": \"order\", \"original_transaction_id\": 24}','2025-07-14 09:54:19','2025-07-14 09:54:19'),('01980786-c92f-72cd-b16c-50a1c4333e4f',NULL,'019614eb-5acf-700e-a7f3-295b59219714','earned',150,'Manual monthly heartbits allowance for 2025-07','Manual monthly heartbits allowance for 2025-07','{\"source\": \"migration\", \"reference_id\": null, \"reference_type\": \"admin_adjustment\", \"original_transaction_id\": 25}','2025-07-14 09:56:44','2025-07-14 09:56:44'),('01980786-c96c-728e-b37a-653b7bf35a97',NULL,'0196859d-142f-7716-94d2-23f1062917c4','earned',150,'Manual monthly heartbits allowance for 2025-07','Manual monthly heartbits allowance for 2025-07','{\"source\": \"migration\", \"reference_id\": null, \"reference_type\": \"admin_adjustment\", \"original_transaction_id\": 26}','2025-07-14 09:56:44','2025-07-14 09:56:44'),('01980786-c9a8-71c5-a2d7-7820fb66d204',NULL,'01968fcf-c622-73af-a3e2-c9b7e3295e0e','earned',150,'Manual monthly heartbits allowance for 2025-07','Manual monthly heartbits allowance for 2025-07','{\"source\": \"migration\", \"reference_id\": null, \"reference_type\": \"admin_adjustment\", \"original_transaction_id\": 27}','2025-07-14 09:56:44','2025-07-14 09:56:44'),('01980786-c9e8-7603-ad93-b65a6f6624c3',NULL,'0197531a-de9f-74ef-8fb2-cda84170fd7c','earned',150,'Manual monthly heartbits allowance for 2025-07','Manual monthly heartbits allowance for 2025-07','{\"source\": \"migration\", \"reference_id\": null, \"reference_type\": \"admin_adjustment\", \"original_transaction_id\": 28}','2025-07-14 09:56:45','2025-07-14 09:56:45'),('01980786-ca27-75a8-a4e7-19dbdc846b27',NULL,'0197e38c-d497-71c4-80f0-c335d21a4c46','earned',150,'Manual monthly heartbits allowance for 2025-07','Manual monthly heartbits allowance for 2025-07','{\"source\": \"migration\", \"reference_id\": null, \"reference_type\": \"admin_adjustment\", \"original_transaction_id\": 29}','2025-07-14 09:56:45','2025-07-14 09:56:45'),('01980786-ca65-7110-9590-226983fb03de',NULL,'0af0757c-fa51-11ef-a725-0af0d960a833','earned',150,'Manual monthly heartbits allowance for 2025-07','Manual monthly heartbits allowance for 2025-07','{\"source\": \"migration\", \"reference_id\": null, \"reference_type\": \"admin_adjustment\", \"original_transaction_id\": 30}','2025-07-14 09:56:45','2025-07-14 09:56:45'),('01980786-ca9e-768a-9cc9-fccf4b5792f2',NULL,'0cc6044d-20ad-11f0-8e63-0242ac140002','earned',150,'Manual monthly heartbits allowance for 2025-07','Manual monthly heartbits allowance for 2025-07','{\"source\": \"migration\", \"reference_id\": null, \"reference_type\": \"admin_adjustment\", \"original_transaction_id\": 31}','2025-07-14 09:56:46','2025-07-14 09:56:46'),('01980786-cae0-72ef-807e-35a2781bc4ba',NULL,'6ded650d-18fb-11f0-8e63-0242ac140002','earned',150,'Manual monthly heartbits allowance for 2025-07','Manual monthly heartbits allowance for 2025-07','{\"source\": \"migration\", \"reference_id\": null, \"reference_type\": \"admin_adjustment\", \"original_transaction_id\": 32}','2025-07-14 09:56:46','2025-07-14 09:56:46'),('01980786-cb1f-7149-bb01-8d8414e3d550',NULL,'0197e242-5b2d-77a1-a8a8-d3311c3bfde7','earned',600,'Order #29 purchase (pending)','Order #29 purchase (pending)','{\"source\": \"migration\", \"reference_id\": 29, \"reference_type\": \"order\", \"original_transaction_id\": 33}','2025-07-14 13:12:42','2025-07-14 13:12:42'),('01980786-cb5d-76e8-b6e0-4023acd65353',NULL,'0197e242-5b2d-77a1-a8a8-d3311c3bfde7','earned',600,'Order #29 refund (cancelled)','Order #29 refund (cancelled)','{\"source\": \"migration\", \"reference_id\": 29, \"reference_type\": \"order\", \"original_transaction_id\": 34}','2025-07-14 13:13:04','2025-07-14 13:13:04'),('01980786-cb95-77d3-866f-fd93be905ff9',NULL,'0197e242-5b2d-77a1-a8a8-d3311c3bfde7','earned',800,'Order #30 purchase (pending)','Order #30 purchase (pending)','{\"source\": \"migration\", \"reference_id\": 30, \"reference_type\": \"order\", \"original_transaction_id\": 35}','2025-07-14 13:13:38','2025-07-14 13:13:38'),('01980786-cbd6-76c4-9e67-dd866cbcd4e6',NULL,'0197e242-5b2d-77a1-a8a8-d3311c3bfde7','earned',800,'Order #30 refund (cancelled)','Order #30 refund (cancelled)','{\"source\": \"migration\", \"reference_id\": 30, \"reference_type\": \"order\", \"original_transaction_id\": 36}','2025-07-14 13:19:39','2025-07-14 13:19:39');
/*!40000 ALTER TABLE `sl_transactions` ENABLE KEYS */;
UNLOCK TABLES;

--
-- Table structure for table `sl_user_points`
--

DROP TABLE IF EXISTS `sl_user_points`;
/*!40101 SET @saved_cs_client     = @@character_set_client */;
/*!50503 SET character_set_client = utf8mb4 */;
CREATE TABLE `sl_user_points` (
  `user_id` varchar(36) NOT NULL,
  `available_points` int DEFAULT '0',
  `total_earned` int DEFAULT '0',
  `total_spent` int DEFAULT '0',
  `monthly_cheer_limit` int DEFAULT '100',
  `monthly_cheer_used` int DEFAULT '0',
  `last_monthly_reset` datetime DEFAULT NULL,
  `created_at` timestamp NOT NULL DEFAULT CURRENT_TIMESTAMP,
  `updated_at` timestamp NOT NULL DEFAULT CURRENT_TIMESTAMP,
  PRIMARY KEY (`user_id`),
  KEY `sl_user_points_user_id_index` (`user_id`),
  KEY `sl_user_points_total_earned_index` (`total_earned`),
  CONSTRAINT `sl_user_points_user_id_foreign` FOREIGN KEY (`user_id`) REFERENCES `sl_user_accounts` (`user_id`) ON DELETE CASCADE
) ENGINE=InnoDB DEFAULT CHARSET=utf8mb4 COLLATE=utf8mb4_0900_ai_ci;
/*!40101 SET character_set_client = @saved_cs_client */;

--
-- Dumping data for table `sl_user_points`
--

LOCK TABLES `sl_user_points` WRITE;
/*!40000 ALTER TABLE `sl_user_points` DISABLE KEYS */;
INSERT INTO `sl_user_points` VALUES ('019614eb-5acf-700e-a7f3-295b59219714',3053,3053,0,100,0,'2025-07-01 00:00:00','2025-04-08 10:21:30','2025-07-14 01:56:43'),('01963893-fb5f-73bc-8291-01a4cd400dca',2315,2315,0,100,0,'2025-07-01 00:00:00','2025-04-15 08:32:24','2025-07-10 05:17:49'),('01965b13-01a6-76ce-a459-764e01a769f2',2294,2294,0,100,0,'2025-07-01 00:00:00','2025-04-22 01:18:14','2025-07-10 05:17:49'),('01966139-343d-71e9-8a04-3802718c6321',2394,2394,0,100,0,'2025-07-01 00:00:00','2025-04-23 05:57:41','2025-07-10 05:17:49'),('0196859d-142f-7716-94d2-23f1062917c4',2373,2373,0,100,0,'2025-07-01 00:00:00','2025-04-30 07:33:06','2025-07-14 01:56:44'),('01968fcf-c622-73af-a3e2-c9b7e3295e0e',4471,4471,0,100,0,'2025-07-01 00:00:00','2025-05-02 07:04:41','2025-07-14 01:56:44'),('0197531a-de9f-74ef-8fb2-cda84170fd7c',2183,2183,0,100,0,'2025-07-01 00:00:00','2025-06-09 05:12:39','2025-07-14 01:56:44'),('0197e242-5b2d-77a1-a8a8-d3311c3bfde7',5659,7410,0,100,0,'2025-07-01 00:00:00','2025-07-07 00:21:29','2025-07-14 05:19:38'),('0197e38c-d497-71c4-80f0-c335d21a4c46',2655,2655,0,100,0,'2025-07-01 00:00:00','2025-07-07 06:22:27','2025-07-14 01:56:45'),('0af0757c-fa51-11ef-a725-0af0d960a833',2675,2675,0,100,0,'2025-07-01 00:00:00','2025-04-02 08:06:49','2025-07-14 01:56:45'),('0cc6044d-20ad-11f0-8e63-0242ac140002',2892,2892,0,100,0,'2025-07-01 00:00:00','2025-04-24 01:40:06','2025-07-14 01:56:45'),('6ded650d-18fb-11f0-8e63-0242ac140002',3030,3030,0,100,0,'2025-07-01 00:00:00','2025-04-14 08:00:00','2025-07-14 01:56:45');
/*!40000 ALTER TABLE `sl_user_points` ENABLE KEYS */;
UNLOCK TABLES;
SET @@SESSION.SQL_LOG_BIN = @MYSQLDUMP_TEMP_LOG_BIN;
/*!40103 SET TIME_ZONE=@OLD_TIME_ZONE */;

/*!40101 SET SQL_MODE=@OLD_SQL_MODE */;
/*!40014 SET FOREIGN_KEY_CHECKS=@OLD_FOREIGN_KEY_CHECKS */;
/*!40014 SET UNIQUE_CHECKS=@OLD_UNIQUE_CHECKS */;
/*!40101 SET CHARACTER_SET_CLIENT=@OLD_CHARACTER_SET_CLIENT */;
/*!40101 SET CHARACTER_SET_RESULTS=@OLD_CHARACTER_SET_RESULTS */;
/*!40101 SET COLLATION_CONNECTION=@OLD_COLLATION_CONNECTION */;
/*!40111 SET SQL_NOTES=@OLD_SQL_NOTES */;

-- Dump completed on 2025-07-14 14:05:36
